Topic,Count,t1,t2,t3,t4,booksInTopic,msCount,0845Maqrizi.Muqaffa.Shamela19Y0145334-ara1,0845Maqrizi.ImtacAsmac.Shamela0001524-ara1,0845Maqrizi.ItticazHunafa.Shamela0000176-ara1.completed,0845Maqrizi.Mawaciz.MAB02082022-ara1.completed,0845Maqrizi.Suluk.Shamela0006667-ara1.mARkdown,0845Maqrizi.IghathaUmma.Kraken210223142017-ara1
520,10,ابراهيم,احمد,سرسان,المحلي,1,8,8.0,,,,,
77,85,ابراهيم,اسحاق,برهان,بن,2,22,21.0,1.0,,,,
176,37,ابراهيم,عبد,الاندلسي,العزيز,2,13,12.0,1.0,,,,
511,10,ابرهة,حناطة,الحرم,الحبشة,2,7,1.0,6.0,,,,
332,19,ابعدهم,المنظر,الجسر,بتوسيطهم,4,12,1.0,,3.0,2.0,7.0,
260,25,ابغض,والله,للاسلام,دينك,1,21,,21.0,,,,
130,55,ابن,ابي,الحوتكية,المصفي,1,3,,3.0,,,,
53,116,ابو,بكر,الانصاري,عبيدة,1,5,,5.0,,,,
38,145,اتباع,الامامة,المعتزلة,والفرقة,4,37,,1.0,1.0,34.0,1.0,
334,19,احبها,تقذرني,فاستوت,رسول,1,18,,18.0,,,,
291,22,احدكم,نصيفه,احب,تسبوا,1,12,,12.0,,,,
185,36,احمد,اسماعيل,يوسف,شهاب,1,15,15.0,,,,,
156,44,احمد,عبد,الرحمن,محمد,2,14,13.0,1.0,,,,
62,100,احمد,محمد,بن,الصوفي,2,32,31.0,1.0,,,,
468,12,احيلوا,الرواتب,سدسه,والسعيد,2,9,1.0,,,,8.0,
448,13,ادم,فرددت,معافاته,شتمته,2,11,1.0,10.0,,,,
34,161,ادهم,قلت,فقلت,لي,4,74,70.0,2.0,1.0,2.0,,
396,15,ارغون,توافيا,فترجل,المذكوره,4,14,2.0,,1.0,1.0,10.0,
174,38,ارغون,صحصد,حرف,صحمد,2,16,12.0,,,,,4.0
336,19,اروني,سميتموه,برة,حربا,2,6,1.0,5.0,,,,
168,41,اسراءيل,يهوذا,سبط,الاسباط,2,15,,6.0,,9.0,,
273,24,اسقنا,اللهم,حوالينا,السبل,1,10,,10.0,,,,
406,14,اسماعيل,ابان,اسحاق,اويس,1,3,,3.0,,,,
83,81,اسماعيل,عقب,وولد,الصادق,4,23,10.0,1.0,9.0,3.0,,
278,23,اشتكي,سقيمنا,الباس,امسح,1,7,,7.0,,,,
409,14,اشهد,اكبر,اله,حي,2,7,,6.0,1.0,,,
59,105,اشهر,بعده,وستة,خلافته,4,59,11.0,,14.0,22.0,12.0,
442,13,اشهر,وقام,مدة,مناف,2,4,1.0,,,,3.0,
491,11,اصبغ,نفست,ننسي,لكفاهم,1,8,8.0,,,,,
462,12,اعنز,وتروح,مناءح,وجيهة,1,4,,4.0,,,,
492,11,اغمار,وحواصل,ادبار,جهال,2,11,2.0,,,,9.0,
380,16,افضل,الحرام,تفضيل,الصلاة,1,9,,9.0,,,,
482,12,افطن,الجلساء,السماط,المخضوبة,3,6,1.0,,1.0,4.0,,
444,13,اقبية,حاجب,واستقر,عشره,1,12,,,,,12.0,
170,40,اقرا,زملوني,المدثر,بحراء,1,14,,14.0,,,,
301,21,اقطاعه,الخروجات,الاف,الخرج,4,18,4.0,,2.0,4.0,8.0,
95,75,ال,رقم,اب,ارقام,1,17,17.0,,,,,
459,12,الابن,المسيح,الاب,مريم,1,6,,,,6.0,,
437,13,الاثنين,لاثنتي,الاول,ربيع,1,10,,10.0,,,,
519,10,الاحباس,للاحباس,بالشراءط,تحبيس,3,8,,,1.0,4.0,3.0,
533,10,الاحساء,والحصي,العين,والتراب,3,6,1.0,,3.0,,2.0,
209,30,الاخيار,فج,التعليم,بلادهم,3,9,2.0,,2.0,5.0,,
54,114,الاذان,الجامع,المسجد,المصحف,6,50,1.0,1.0,1.0,43.0,2.0,2.0
253,25,الاردب,القمح,وجود,الالبان,4,16,,,1.0,1.0,12.0,2.0
241,27,الارمن,وابوان,واقلوسنا,الخبر,3,20,2.0,,3.0,,15.0,
306,21,الاسكندر,المنارة,البحر,مراة,1,13,,,,13.0,,
199,33,الاسكندر,شهربراز,الفرس,كسري,3,14,,2.0,1.0,11.0,,
313,21,الاعظم,ينتهي,خليج,الخليج,1,5,,,,5.0,,
154,44,الافضل,العادل,العزيز,اخيه,3,19,1.0,,,3.0,15.0,
52,118,الاموات,الوباء,يموت,انسان,4,52,,,1.0,2.0,48.0,1.0
318,20,الامومة,امهات,امهاتهم,نكاحهن,1,7,,7.0,,,,
284,23,الانف,اي,اشم,والمرفقين,2,8,2.0,6.0,,,,
401,15,الانماط,ستكون,انماط,بقولكم,1,13,,13.0,,,,
263,24,الاوس,والخزرج,ثعلبة,يثرب,3,10,1.0,8.0,1.0,,,
115,63,البحر,المحيط,بحر,بلاد,1,21,,,,21.0,,
438,13,البخاري,وذكره,حازم,جملك,1,12,,12.0,,,,
405,14,البراء,بشر,وانتهش,ازدرد,2,12,,11.0,,1.0,,
230,28,البشرية,بالفعل,الملاءكية,الانسلاخ,1,5,,5.0,,,,
107,66,التركية,رتبة,متوليها,الانشاء,3,21,1.0,,,19.0,1.0,
141,51,التمساح,السقنقور,القنب,الشهدانج,2,12,,1.0,,11.0,,
116,62,التوراة,اسراءيل,المشنا,اليهود,2,15,,5.0,,10.0,,
364,17,التوراة,بشرع,الطهارة,اباحة,1,7,,7.0,,,,
341,18,الجار,الاثنين,طينال,ابطال,3,17,1.0,,,1.0,15.0,
0,3591,الجامع,الان,باب,الخليج,5,890,36.0,,16.0,770.0,117.0,2.0
314,21,الجامع,المواسم,وترويح,بمبيته,4,9,2.0,,1.0,4.0,2.0,
461,12,الجدار,ذراع,ذراعا,المنخفض,1,4,,,,4.0,,
235,27,الجصاص,القرقوبي,القاضي,بدده,2,27,26.0,,,1.0,,
484,12,الجن,غشيها,الكلمة,فتسمعه,2,7,1.0,6.0,,,,
63,100,الحجاج,والله,فقال,بلي,4,58,52.0,4.0,1.0,1.0,,
215,29,الحديث,الوهم,طريق,شريك,1,21,,21.0,,,,
155,44,الحسين,الحسن,حسين,الحمداني,1,12,12.0,,,,,
247,26,الحسين,الزبير,الحر,زياد,3,19,15.0,3.0,,1.0,,
257,25,الحسين,محمد,بن,الحسن,1,7,7.0,,,,,
98,73,الحسيني,الحسين,جعفر,طالب,4,50,45.0,,1.0,2.0,2.0,
447,13,الحلواني,حوشب,كتامة,ممهدة,3,8,4.0,,2.0,2.0,,
84,81,الحوف,الجروي,الافشين,الفسطاط,3,38,20.0,,1.0,18.0,,
399,15,الحوف,والخراج,الخراج,الرشيد,2,11,2.0,,,9.0,,
398,15,الخشبة,جذع,المنبر,فاحتضنها,1,7,,7.0,,,,
20,246,الخليفة,الباب,فاذا,الوزير,4,85,3.0,,3.0,78.0,1.0,
283,23,الخيش,داري,قنينة,واقفلت,1,13,13.0,,,,,
352,17,الدراهم,دراهم,الييض,الدرهم,2,9,1.0,,,,,8.0
288,22,الذراع,ناولني,فناولته,للشاة,1,7,,7.0,,,,
213,29,الراية,لاعطين,ورسوله,عينيه,1,12,,12.0,,,,
265,24,الرجم,التوراة,زنا,احصن,1,10,,10.0,,,,
512,10,الرحم,نواءب,تضربون,افينظر,1,8,,8.0,,,,
389,15,الرحمن,عبد,السعدي,هبة,1,6,6.0,,,,,
60,104,الرحمن,عبد,عبيد,بن,1,17,,17.0,,,,
305,21,الركين,الرحمن,الطفاوي,علي,1,4,,4.0,,,,
292,22,الزجاج,المبرد,اخرط,مسالة,1,8,8.0,,,,,
225,28,الزهري,شهاب,وعن,حرفا,2,11,10.0,1.0,,,,
210,30,السبكي,القضاة,مجلس,اجدادهم,3,25,9.0,,,1.0,15.0,
239,27,السجل,الخليفة,المامون,لزمام,4,13,2.0,,2.0,8.0,1.0,
422,14,السراق,وشناعها,تجمعه,واستهلكوا,3,8,,,,2.0,4.0,2.0
497,11,السعدوني,توفي,القنتوري,الصيداوي,1,11,11.0,,,,,
148,48,السفر,اللهم,لربنا,الاهل,1,18,,18.0,,,,
524,10,السفن,القلزم,خليج,حفره,1,5,,,,5.0,,
6,751,السلطان,الامراء,القلعة,بيبرس,4,390,78.0,,6.0,17.0,305.0,
337,19,السلف,دنانير,دينارا,قصبة,1,5,,,,5.0,,
366,16,السماء,الشهب,ومغاربها,مشارق,2,10,,9.0,,1.0,,
113,64,السندروس,فامر,يتبرا,يقدر,5,42,12.0,,4.0,17.0,8.0,1.0
323,20,السوق,يباع,السكر,موسم,1,8,,,,8.0,,
204,31,السيفي,بغا,واقبغا,ومحمد,1,14,,,,,14.0,
228,28,السيفي,واقبغا,والطنبغا,وارغون,2,19,,,,1.0,18.0,
18,296,الشافعي,حنبل,وعن,سمعت,3,100,95.0,3.0,,3.0,,
286,23,الشلوبين,فاضلا,وحدث,ثقة,1,19,19.0,,,,,
502,11,الشمس,الشعاع,القمر,الهواء,3,4,1.0,1.0,,2.0,,
101,71,الشهر,اوله,وفي,شهر,3,59,,,4.0,,54.0,1.0
303,21,الشهور,وربيع,وجمادي,النسء,2,7,,1.0,,6.0,,
342,18,الصدقة,تمرة,لاكلتها,كخ,1,5,,5.0,,,,
48,126,الصلاة,التشهد,وجوب,الوجوب,1,39,,39.0,,,,
72,93,الصلاة,المشبه,الرحمة,التشبيه,2,34,,33.0,1.0,,,
221,28,الصلح,البادراءي,للملك,الصالح,3,22,4.0,,,2.0,16.0,
2,2535,الطويل,شعره,الكامل,البسيط,6,880,662.0,77.0,23.0,117.0,37.0,7.0
290,22,الظافر,عباس,نصر,السلار,3,12,4.0,,5.0,3.0,,
46,127,العادل,زنكي,ايوب,وفيها,4,79,10.0,,3.0,7.0,60.0,
554,10,العاضد,مطاعن,نمي,الشريف,3,9,4.0,,1.0,,4.0,
169,41,العبد,المريد,علامة,الاسباب,3,12,10.0,1.0,,1.0,,
99,72,العبيد,الاتراك,المستنصر,حمدان,4,38,12.0,,8.0,8.0,10.0,
403,14,العريف,ارطال,الصعلوك,بدرهم,3,4,1.0,,1.0,,,2.0
486,11,العقبة,حذيفة,يقودها,بزمام,1,4,,4.0,,,,
82,82,العلوم,زمانه,علم,حافظا,3,47,43.0,,,3.0,1.0,
419,14,الغار,ياتيهما,امسي,فهيرة,1,9,,9.0,,,,
194,34,الف,درهم,دينار,النشو,3,25,6.0,,,3.0,16.0,
279,23,الف,دينار,الفي,خراج,2,10,,,1.0,9.0,,
432,13,الف,والمستقر,المحلولين,درهم,2,10,,,,3.0,7.0,
298,21,الفء,ايجاف,الغنيمة,والغنيمة,2,7,,4.0,,3.0,,
275,24,الفء,واليتامي,ولذي,خمسه,4,8,1.0,4.0,2.0,1.0,,
223,28,الفا,دينارا,بابة,وثلاثون,2,7,1.0,,,6.0,,
251,25,الفداء,باللامش,فودي,وانثي,1,6,,,,6.0,,
240,27,الفرنج,الثغرة,دمقلة,الغارات,4,21,2.0,,5.0,4.0,10.0,
13,427,الفرنج,المسلمين,دمياط,المسلمون,5,202,17.0,1.0,31.0,27.0,130.0,
294,22,الفضول,حلف,فمطله,فخذه,2,15,2.0,13.0,,,,
353,17,الفضول,حلف,وبنو,مظلمته,2,9,3.0,6.0,,,,
143,50,الفعل,الوجوب,فعله,القول,1,15,,15.0,,,,
477,12,الفقه,ونظر,ومولده,بدمشق,3,12,7.0,,,1.0,4.0,
65,99,الفلوس,الدراهم,الذهب,المبيعات,3,38,,1.0,,,23.0,14.0
440,13,الفلوس,الرطل,رطل,دراهم,3,9,,,1.0,,6.0,2.0
556,10,الفيشي,اوقع,محرفتهما,وانكشفا,2,9,3.0,,,,6.0,
498,11,الفيل,ملحان,مصعب,اعقله,1,9,,9.0,,,,
388,15,الفيوم,رايك,لنفسك,اختر,1,12,,,,12.0,,
56,109,القداح,الصادق,الشلعلع,الاهوازي,3,45,21.0,,15.0,9.0,,
392,15,القراءات,فقرا,وقرا,المقرء,1,14,14.0,,,,,
518,10,القرامطة,المغاربة,ميسور,فطوفوهم,3,8,1.0,,6.0,1.0,,
23,243,القران,السبعة,مصحف,لغات,3,80,4.0,68.0,,8.0,,
446,13,القضاة,المناوي,الاعز,ليزور,1,12,,,,,12.0,
546,10,القضاة,قاضي,قضاء,البلقيني,1,10,,,,,10.0,
217,29,القضاة,قضاء,قاضي,الحنفية,2,25,2.0,,,,23.0,
236,27,القمر,انشق,وانشق,منشقا,1,7,,7.0,,,,
180,37,القيامة,لامتي,دعوتي,دعوة,1,15,,15.0,,,,
196,34,القيروان,تونس,الدعي,الجروي,4,22,11.0,,7.0,3.0,1.0,
93,75,الكافة,مصالح,المءمنين,صلوات,5,33,5.0,1.0,10.0,14.0,,3.0
534,10,الكامل,الصالح,بعلبك,المعظم,2,8,,,,1.0,7.0,
179,37,الكساءي,السامري,حمزة,وطبقتهما,1,22,22.0,,,,,
81,84,الكعبة,الجنوب,سمت,اوسط,1,13,,,,13.0,,
300,21,الكناءس,كناءس,هدم,كنيسة,2,10,,,,8.0,2.0,
172,39,الكهنة,وملك,اعمالا,الحكمة,2,20,2.0,,,18.0,,
233,27,اللزام,بدر,قوله,الزقوم,1,17,,17.0,,,,
489,11,اللعين,فمزقوه,بالحجارة,واثخنوا,2,5,4.0,,,,1.0,
-1,69540,الله,عليه,الي,من,6,3758,3383.0,3632.0,603.0,2032.0,2728.0,121.0
173,39,اللهم,بارك,اغفر,اهد,1,6,,6.0,,,,
255,25,اللهم,عبدك,وانت,فاغفر,1,14,,14.0,,,,
203,32,المءمنين,تاتنا,طالبا,امير,2,25,24.0,,1.0,,,
118,60,المحن,المخطوطة,ايسون,جاهلون,2,21,,,,1.0,,20.0
64,100,المدعو,الداعي,الدعوة,وان,3,34,2.0,13.0,,19.0,,
58,105,المروة,راحلته,الهدي,بدنة,2,29,3.0,26.0,,,,
469,12,المزني,يذهب,يهب,ويقرا,1,11,11.0,,,,,
136,53,المستمسك,المعتمد,الموفق,للموفق,4,43,15.0,,12.0,13.0,3.0,
416,14,المسيح,عيد,وبعده,المقبور,1,7,,,,7.0,,
428,14,المصلي,فيصلي,فتوضع,سترة,1,6,,6.0,,,,
430,13,المطلب,اءتيا,ربيعة,الحارث,1,9,,9.0,,,,
349,17,المعتصم,بابك,اليسع,الامين,3,13,10.0,,2.0,1.0,,
381,16,المغنم,السبي,اجزاء,سهم,1,10,,10.0,,,,
150,46,المقدس,الاسراء,الهجرة,بسنة,1,16,,16.0,,,,
110,64,المقرءون,الخليفة,واستفتح,متولي,2,22,,,2.0,20.0,,
5,791,المقريزي,مكتبة,برقم,التاريخ,4,99,46.0,25.0,,1.0,,60.0
360,17,المقوقس,خصال,نعاملهم,تندموا,2,7,2.0,,,5.0,,
309,21,المكرم,الصليحي,نجاح,زبيد,2,7,,,,6.0,1.0,
187,36,الملاءكة,نكص,جند,انسيتم,1,17,,17.0,,,,
539,10,الملاهي,نالهم,سلع,شمله,2,9,1.0,,,,8.0,
480,12,المنام,حكيما,حرفين,كتبت,3,7,2.0,4.0,,1.0,,
200,32,المنبر,السميع,الركوع,الثانية,4,14,2.0,,3.0,5.0,4.0,
548,10,المنذر,الاشاهب,النعمان,عدي,3,6,2.0,3.0,,1.0,,
89,77,المهدي,اليسع,سجلماسة,الاغلب,3,33,16.0,,11.0,6.0,,
541,10,المهدي,بالقوس,الخارجي,السور,3,4,2.0,,1.0,1.0,,
272,24,المهدي,شككنا,نعتقد,بالايات,3,11,8.0,,2.0,1.0,,
310,21,النساء,القمصان,اكمام,منجك,4,8,1.0,,1.0,2.0,4.0,
94,75,النصاري,العماءم,اليهود,الزرق,4,32,4.0,,2.0,9.0,17.0,
413,14,النصاري,الوالي,دين,البغل,2,10,,,,3.0,7.0,
220,29,النصاري,نهب,واخرجوا,وانتهاك,4,24,1.0,,5.0,8.0,10.0,
321,20,النفير,فاقتتلوا,مستعدين,المهدية,4,13,8.0,,3.0,1.0,1.0,
119,60,النوبة,بلد,الناحية,الجنادل,1,28,,,,28.0,,
443,13,النوبة,قوص,طقصبا,متظلما,3,8,2.0,,,1.0,5.0,
410,14,النوشري,باللوم,عبيده,فرجع,3,7,4.0,,2.0,1.0,,
151,46,النيل,اصابع,ذراعا,اصبعا,2,42,,,3.0,,39.0,
32,174,اله,المهديين,واشهد,العالمين,6,56,22.0,8.0,12.0,12.0,4.0,1.0
28,194,الهواء,النيل,ارض,الابدان,2,43,,,,42.0,,1.0
1,3437,الوافي,ترجمة,المخطوط,الدرر,5,457,359.0,2.0,1.0,3.0,,94.0
317,20,الياس,نمروذ,المطر,السجن,3,11,3.0,1.0,,7.0,,
193,35,اليقين,المعجز,معارضته,تعالي,2,25,,19.0,,6.0,,
33,169,اليه,له,فقال,منك,4,110,70.0,,20.0,12.0,10.0,
212,29,ام,بنت,كلثوم,شريك,2,4,1.0,3.0,,,,
348,18,امتك,وجعلت,ونذيرا,وجعلتك,1,6,,6.0,,,,
504,11,امراء,السيفي,وبلبان,الكوندكي,2,11,1.0,,,,10.0,
465,12,انج,اللهم,وطاتك,نج,1,4,,4.0,,,,
201,32,انجيل,المسيح,الانجيل,الاناجيل,3,15,,12.0,,2.0,1.0,
45,127,انس,حديث,الدباء,اتي,1,67,,67.0,,,,
377,16,اوله,ثالثه,المناخ,يلخجا,2,15,,,2.0,,13.0,
248,26,ايده,فالامة,المناصحة,توجب,2,11,7.0,,,4.0,,
458,12,ايدي,بانه,الحصون,حصون,2,3,1.0,,2.0,,,
510,10,بالتهديد,اربابها,عشاء,الخفراء,4,10,2.0,,1.0,5.0,2.0,
304,21,بالرحيل,رسول,الوبر,نجوت,2,19,1.0,18.0,,,,
138,52,بالرعب,الكلم,ونصرت,قبلي,1,15,,15.0,,,,
383,16,بالضرورة,الصديق,معلوما,للفسق,1,7,,7.0,,,,
71,93,بالطويل,العينين,شثن,بالقصير,1,28,,28.0,,,,
252,25,بالقلم,الموقع,فيوقع,الدقيق,2,13,,,4.0,9.0,,
97,73,بالناس,تبارك,وتعالي,فليصل,1,41,,41.0,,,,
264,24,بامرة,وعلي,السيفي,نوبة,1,20,,,,,20.0,
476,12,ببعلبك,تورانشاه,الصالح,فحاصرها,2,11,,,,2.0,9.0,
246,26,ببيكارية,ودون,ورءوسها,الرتبة,1,9,,,,9.0,,
102,70,بحقن,دمه,اليازوري,عبادة,4,55,17.0,,5.0,9.0,24.0,
553,10,بحوانيتها,عباه,وتركاشه,زينت,3,9,2.0,,,1.0,6.0,
355,17,بحيرا,القوم,الشجرة,طعامي,1,4,,4.0,,,,
537,10,بداة,حيها,خريطة,شاعرة,4,8,2.0,1.0,,4.0,1.0,
414,14,بدرجك,الخطيري,رفق,ماله,4,13,7.0,,1.0,1.0,4.0,
302,21,بدلة,حريري,مذهبة,لكل,1,6,,,,6.0,,
547,10,برجوان,فهد,القصر,القاءد,4,9,3.0,,2.0,2.0,2.0,
92,76,برسم,قنطارا,القصور,الاسمطة,3,33,7.0,,3.0,23.0,,
198,33,بزغش,هزار,المعظم,منكوتمر,4,22,11.0,,1.0,2.0,8.0,
425,14,بشبين,وتفقه,شيخان,وسمع,2,14,13.0,,,,1.0,
436,13,بشتاك,طشتمر,المماليك,السلطانية,1,11,,,,,11.0,
39,143,بطرك,اليعاقبة,فاقام,بطركا,3,37,,2.0,,32.0,3.0,
493,11,بقرطبة,قرطبة,وقتيل,العددي,1,11,11.0,,,,,
473,12,بلادكم,البجة,وعليكم,المسلمين,1,3,,,,3.0,,
125,57,بلبان,اقوش,سيف,بكتوت,3,13,9.0,,,,1.0,3.0
404,14,بمشاورة,فتوكل,عزمت,الراي,1,4,,4.0,,,,
4,930,بنت,الحارث,كعب,عمرو,5,369,111.0,256.0,2.0,12.0,2.0,
237,27,بنت,ام,زوجة,خاتون,1,3,3.0,,,,,
122,58,بنت,فاطمة,زينب,عاتكة,1,4,,4.0,,,,
261,25,بنو,ذبيان,محارب,الحشحاش,1,1,,1.0,,,,
109,65,بيروت,تحقيق,العلمية,دار,2,11,,10.0,,,,1.0
132,55,بيصر,الطوفان,مصرايم,حام,3,35,,1.0,,30.0,,4.0
555,10,بينجار,كراي,اينبك,للحرب,2,8,2.0,,,,6.0,
358,17,تاخذ,جدعان,ومنوف,خولان,3,10,5.0,3.0,,2.0,,
67,96,تبارك,وتعالي,رضي,عنهما,1,50,,50.0,,,,
167,42,تبارك,وتعالي,عاءشة,رضي,1,32,,32.0,,,,
382,16,تراعوا,فزع,وجدناه,فرسا,1,8,,8.0,,,,
87,79,تشاء,منهن,ترجي,وتءوي,1,30,,30.0,,,,
391,15,تطهيرا,الرجس,ويطهركم,ليذهب,1,5,,5.0,,,,
40,141,تعالي,ربه,الطوفي,قوله,3,62,1.0,60.0,1.0,,,
70,94,تعالي,ميثاق,اتيتكم,واذ,4,49,1.0,44.0,2.0,2.0,,
481,12,تغلب,والعسكران,الاخشيدية,وفلسطين,3,6,1.0,,4.0,1.0,,
439,13,تقول,قلت,افبكتاب,لكتاب,2,5,4.0,1.0,,,,
532,10,تمربغا,المحمدي,بعساكرها,والامير,1,10,,,,,10.0,
371,16,تنعم,تقتل,لوددنا,فسل,1,13,,13.0,,,,
145,49,تونس,فاس,الموحدين,الواحد,3,36,5.0,,,1.0,30.0,
163,43,ثقة,فسمع,حافظا,نيسابور,1,37,37.0,,,,,
487,11,ثم,قوله,حم,برب,1,2,,2.0,,,,
415,14,ثيابي,ووصلنا,عضد,والشيخ,3,8,6.0,,1.0,1.0,,
103,70,جبريل,امتك,بالجنة,فقلت,2,42,4.0,38.0,,,,
454,13,جبريل,امرتني,مكروبا,يستاذن,1,8,,8.0,,,,
434,13,جبريل,جامعة,ويقتدي,ويءم,1,2,,2.0,,,,
295,22,جدة,التجار,الهند,الواردين,3,11,,,1.0,1.0,9.0,
207,31,جمال,المدرسة,وحكم,الاستبدال,3,18,3.0,,,10.0,5.0,
471,12,جهاد,بزاخة,طليحة,لقتالهم,1,5,,5.0,,,,
299,21,حام,نوح,بنصر,مصرايم,2,14,1.0,,,13.0,,
135,53,حدث,ابو,روي,توفي,1,49,49.0,,,,,
238,27,حدثتني,عبيط,جدتي,يقلب,3,9,2.0,5.0,,2.0,,
19,270,حدثنا,الموطن,الصلاة,مواطن,2,89,1.0,88.0,,,,
315,21,حدثنا,حديث,سعد,النبي,2,21,2.0,19.0,,,,
9,613,حدثنا,حديث,عن,ورواه,3,370,12.0,358.0,,2.0,,
536,10,حدثنا,واحب,الزهري,الاوزاعي,1,9,,9.0,,,,
21,246,حديث,امتي,الساعة,تقوم,3,111,3.0,107.0,,1.0,,
258,25,حديث,فلفظته,هيه,وخرجه,1,22,,22.0,,,,
386,15,حديثا,الشافعي,قولي,تظلني,1,3,3.0,,,,,
470,12,حربة,النجاشي,توافقا,صرعي,1,12,,12.0,,,,
516,10,حرمي,موسي,حرملة,الدقيقي,2,4,2.0,2.0,,,,
354,17,حريرة,صورة,اتعرفون,بابا,1,4,,4.0,,,,
372,16,حصل,فاستحييت,فاقول,النذر,2,9,8.0,,,1.0,,
51,124,حلب,التركمان,ناءب,عشرينه,3,95,4.0,,4.0,,87.0,
423,14,حميضة,رميثة,عنوة,مكة,4,11,4.0,,2.0,2.0,3.0,
211,30,حنبل,صالح,سمعت,افت,2,18,17.0,1.0,,,,
129,55,خاتما,فضة,الخاتم,فصه,1,15,,15.0,,,,
183,37,خالد,حميد,المعافري,الصدفي,2,12,8.0,4.0,,,,
140,51,خالد,وعنه,وعبد,المعافري,2,30,27.0,3.0,,,,
268,24,خان,ارسلان,جنكزخان,دوشي,3,18,,,1.0,1.0,16.0,
397,15,خجلنا,الوزير,لاتصدق,المالل,3,11,5.0,,,2.0,4.0,
316,20,خطة,راشدة,لخم,الخطة,1,9,,,,9.0,,
485,12,خطه,ابوه,المحضر,محضر,2,5,3.0,,2.0,,,
435,13,خيول,مهنا,احضرها,العرب,2,8,,,,4.0,4.0,
254,25,داء,حديث,بدواء,يكتحل,1,17,,17.0,,,,
395,15,داره,مجلسا,الفقه,مصنفاته,1,4,,,,4.0,,
347,18,دراهم,كل,درهم,استجدت,3,11,2.0,,,6.0,3.0,
166,42,درجة,الاقليم,الاطول,ساعة,1,16,,,,16.0,,
218,29,درهم,دينار,الف,انفق,2,24,,,,4.0,20.0,
127,57,درهما,بدرهم,الاردب,دراهم,4,43,,,5.0,1.0,36.0,1.0
165,42,درهما,دراهم,بدرهم,فلوسا,4,22,,,1.0,1.0,15.0,5.0
528,10,درهما,والرطل,بدرهم,القمح,1,10,,,,,10.0,
522,10,دعت,بجواز,فامتنع,الرعية,2,9,4.0,,,,5.0,
499,11,دكاكين,الحريق,الحواصل,والربع,2,7,,,,3.0,4.0,
531,10,دنا,فتدلي,وتدلي,قاب,1,5,,5.0,,,,
90,76,دير,الدير,الرهبان,كنيسة,1,18,,,,18.0,,
351,17,دينارا,رسوم,دينار,ماءتان,1,3,,,,3.0,,
367,16,دينارا,ولكل,كاغدة,دنانير,3,5,1.0,,2.0,2.0,,
69,96,دينارين,الذمة,الجزية,الخطاب,5,34,1.0,1.0,1.0,30.0,,1.0
153,45,ذراع,الهرم,اذرع,ذراعا,1,20,,,,20.0,,
73,88,ذراعا,اصبعا,اصابع,بزيادة,3,59,,,,6.0,50.0,3.0
393,15,ذراعا,النيل,مسري,الوفاء,2,13,,,1.0,,12.0,
412,14,ذنوبين,عبقريا,فنزع,غربا,1,5,,5.0,,,,
152,46,ذهب,وحمل,وقلد,بسرج,4,34,7.0,,17.0,4.0,6.0,
216,29,رءية,الاسراء,مناما,المنام,2,17,2.0,15.0,,,,
308,21,راني,الفال,طيرة,المنام,1,8,,8.0,,,,
503,11,رايت,اني,بينا,المنام,1,3,,3.0,,,,
269,24,رداء,وشبر,حصير,الرداء,1,12,,12.0,,,,
535,10,رسغاي,ثقبة,الريشة,واستقر,1,10,,,,,10.0,
88,77,رسول,فقال,وسلم,صلي,2,62,1.0,61.0,,,,
147,48,رسول,وسلم,صلي,تنكبه,1,37,,37.0,,,,
11,524,رسول,وسلم,صلي,فقال,3,225,2.0,221.0,,2.0,,
506,10,رشدين,الطبري,شرسان,سماع,1,10,10.0,,,,,
357,17,رق,تت,اا,يث,2,3,2.0,,,,,1.0
36,150,رقم,ارقام,رقما,ابن,1,21,21.0,,,,,
324,20,ركعات,اخرهن,يسلم,يجلس,1,5,,5.0,,,,
17,317,روي,ومحمد,وابو,توفي,2,189,187.0,2.0,,,,
144,49,زاءد,وكان,شجاعا,يحب,4,37,19.0,,4.0,8.0,6.0,
463,12,زرعة,خلعت,وابلس,فخرس,3,10,8.0,,1.0,1.0,,
105,68,زلزلت,زلزلة,الارض,شظا,5,36,1.0,7.0,3.0,5.0,20.0,
433,13,ساحر,فنقول,راينا,بساحر,3,7,1.0,5.0,,1.0,,
222,28,سام,نوح,فالغ,عابر,3,16,7.0,2.0,,7.0,,
259,25,سبحانه,السيادة,فبهداهم,الميثاق,3,16,1.0,14.0,,1.0,,
42,137,سبه,او,القتل,يستتاب,2,33,,31.0,,2.0,,
375,16,سعيد,راشد,جبيرة,جمهان,1,2,,2.0,,,,
394,15,سقيتك,فقطعتا,فياخذها,معدتك,4,10,3.0,,1.0,2.0,5.0,
523,10,سلمه,يخافان,يتواني,فوالله,3,6,2.0,,2.0,2.0,,
66,99,سهيل,فقال,والله,رسول,2,73,1.0,72.0,,,,
24,228,سورة,الذين,امنوا,قل,4,38,1.0,31.0,,4.0,,2.0
131,55,سورة,وكيع,حدثنا,القران,1,24,,24.0,,,,
190,35,سية,قميءة,وقاص,القوس,1,18,,18.0,,,,
164,43,شادي,والملك,العادل,الملك,3,32,6.0,,,2.0,24.0,
289,22,شاه,ملكشاه,ارسلان,الب,2,12,,,,1.0,11.0,
450,13,شنوءة,فكبرا,مربوع,ورايت,1,7,,7.0,,,,
188,36,شيركوه,شاور,الفرنج,مري,4,23,4.0,,10.0,7.0,2.0,
274,24,صاع,منخلا,ابتعثه,قبضه,1,9,,9.0,,,,
244,27,صلاة,الحرام,مسجدي,افضل,2,14,,13.0,,1.0,,
378,16,صلاها,صلاة,خلفه,بالناس,1,6,,6.0,,,,
195,34,صلوات,المءمنين,وسيدنا,الطاهرين,3,19,5.0,,11.0,3.0,,
320,20,صلوات,وسيدنا,مولانا,المظفرة,3,8,3.0,,4.0,1.0,,
276,24,صوحان,ومعقل,سبعماءة,وجندب,3,13,6.0,3.0,,4.0,,
431,13,ضرغام,شاور,وطارد,الريحانية,3,6,,,3.0,2.0,1.0,
49,125,ضعيف,معين,حديثه,وقال,2,62,19.0,44.0,,,,
124,58,ضمانه,والمستخدمين,فليعتمد,وارث,3,14,2.0,,4.0,8.0,,
390,15,طايربغا,طرابلس,عشريه,ليستدعيه,4,14,4.0,,1.0,2.0,7.0,
159,44,طبعة,تحقيق,بيروت,طيعة,2,10,,3.0,,,,7.0
80,84,طولون,الموفق,المعتمد,المدبر,4,42,21.0,,9.0,11.0,2.0,
10,526,طويل,كامل,بسيط,وافر,2,62,59.0,3.0,,,,
453,13,ظهورنا,رايتمونا,احموا,مكانكم,1,6,,6.0,,,,
208,31,عاءشة,قالت,الرفيق,عنها,1,22,,22.0,,,,
121,59,عاءشة,قالت,يتمني,ويابي,2,41,3.0,38.0,,,,
479,12,عارضني,اقرا,فسالتها,اسر,2,9,1.0,8.0,,,,
466,12,عاشوراء,الشيعة,الاسواق,لعظمت,3,5,1.0,,1.0,3.0,,
282,23,عاما,النسء,حرم,ويحرمونه,2,7,,3.0,,4.0,,
344,18,عبلة,زمنين,وثلاثماءة,البلنسي,1,15,15.0,,,,,
325,20,عذت,خدعت,قومها,جويرية,1,13,,13.0,,,,
550,10,عرافة,دينار,القافلة,عريف,4,8,1.0,,1.0,5.0,1.0,
426,14,عريان,مشرك,النحر,يطوف,1,7,,7.0,,,,
340,18,عشره,لحراسة,بهزيمته,تمان,2,17,,,2.0,,15.0,
509,10,عشرينه,السيرحي,بءونة,النيل,1,9,,,,,9.0,
526,10,علكان,المسيري,مينا,ودرس,3,10,5.0,,1.0,,4.0,
424,14,عمر,الدرفس,عثمان,خليف,1,2,,2.0,,,,
15,355,عمرو,الحارث,قيس,يزيد,2,41,2.0,39.0,,,,
267,24,عمرو,عمر,يعتدل,العاصي,2,10,1.0,,,9.0,,
307,21,عوضا,البلقيني,القضاة,قضاء,2,19,1.0,,,,18.0,
441,13,عوضا,نيابة,واستقر,تنبك,1,13,,,,,13.0,
322,20,عيد,شباط,الربانيين,الصوم,1,7,,,,7.0,,
361,17,عيسي,الفاسي,عميرة,محمد,1,5,5.0,,,,,
362,17,غازان,وعادوا,سواكن,السوقة,3,17,2.0,,,2.0,13.0,
7,742,غزوة,المدينة,المسلمين,رسول,3,293,1.0,290.0,,2.0,,
224,28,فاحمه,فوضعه,سواءم,وابلهم,1,23,,23.0,,,,
427,14,فتعديتم,فابتداءكم,فاساتم,ملوم,3,10,2.0,,3.0,5.0,,
365,17,فثقوا,ودركا,وخلفا,هالك,1,5,,5.0,,,,
384,15,فجعلني,خيرهم,جعلهم,بيتا,1,5,,5.0,,,,
226,28,فخر,القيامة,انا,تنشق,1,8,,8.0,,,,
500,11,فداء,زينب,العاص,خوات,1,9,,9.0,,,,
339,18,فرجعت,امتك,ربك,التخفيف,1,6,,6.0,,,,
68,96,فرعون,اسراءيل,موسي,سارة,5,48,7.0,4.0,,35.0,1.0,1.0
400,15,فشك,مالكا,ضجة,الصبر,3,10,1.0,7.0,,2.0,,
515,10,فصل,اعلم,حروبه,تنزلهم,1,8,,8.0,,,,
474,12,فصلي,صلاة,الظهر,باصحابه,1,7,,7.0,,,,
368,16,فصلي,صليت,عروة,فامني,1,6,,6.0,,,,
544,10,فضن,تكنوا,بمجلسه,بكنيتي,2,9,1.0,8.0,,,,
514,10,فقصصتها,اعلاه,بالحلقة,العروة,2,6,1.0,5.0,,,,
227,28,فقلت,الخشب,فقالوا,لي,3,12,8.0,1.0,,3.0,,
184,36,فكتب,والسلام,لك,خنزيرا,3,22,18.0,1.0,,3.0,,
128,56,فلك,البروج,دقيقة,الفلك,1,11,,,,11.0,,
411,14,فندش,البرديني,لزيارة,النيابة,3,13,5.0,,,5.0,3.0,
488,11,فهكذا,جماعتنا,كتامة,بارك,3,5,2.0,,2.0,1.0,,
157,44,فياتون,فيقول,هناكم,اءتوا,1,11,,11.0,,,,
464,12,فياض,يترصدونه,غراب,فكمن,3,10,1.0,,,1.0,8.0,
478,12,فيق,الصالح,هولاكو,الناصر,2,11,1.0,,,,10.0,
162,43,فيك,ذيال,حديث,الوارم,1,31,,31.0,,,,
402,14,قباء,اذرع,مسجد,وطول,3,8,1.0,4.0,,3.0,,
417,14,قرا,واخبر,عياش,مجاهد,2,7,2.0,5.0,,,,
137,52,قريظة,قريش,محمدا,نقاتل,1,30,,30.0,,,,
460,12,قطعة,يساوي,النهاوندي,زمرذ,3,9,1.0,,4.0,4.0,,
8,623,قلاوون,الخدم,وسبعماءة,الناصر,5,319,168.0,,3.0,79.0,75.0,1.0
55,113,قماش,ضريبة,قرمطية,ثوب,2,10,9.0,1.0,,,,
158,44,قيس,ابايعك,خرشة,تفتري,2,32,4.0,28.0,,,,
242,27,قيل,مرحبا,فاستفتح,السماء,1,11,,11.0,,,,
338,19,كابر,عصاني,اطيعوا,واولي,3,10,6.0,,2.0,,2.0,
44,127,كثير,حرف,نهر,جهني,3,11,7.0,2.0,,,,2.0
206,31,كذا,وكذا,رايتها,ستمر,1,25,,25.0,,,,
231,27,كسري,شريح,الحجر,اغلق,1,19,,19.0,,,,
418,14,كفالته,ميلان,عشرينه,عشره,1,12,,,,,12.0,
452,13,كفروا,يستفتحون,يقولون,مسومين,1,9,,9.0,,,,
373,16,كفن,قميص,اثواب,عمامة,1,5,,5.0,,,,
232,27,كنتن,تردن,منكن,امتعكن,1,14,,14.0,,,,
330,19,كنيسة,وكنيسة,وبناحية,كناءس,1,6,,,,6.0,,
350,17,كهلان,ساكني,حمير,يلحون,2,6,3.0,3.0,,,,
85,81,كيغلغ,تكين,طغج,الفسطاط,4,47,26.0,,3.0,16.0,2.0,
542,10,لءلءة,خمرا,لاسراعي,ممشوقة,1,8,8.0,,,,,
26,202,لابن,شرح,لاسامة,لابي,1,20,20.0,,,,,
374,16,لاتوها,لاعطوها,ربكما,فباي,2,10,,9.0,,1.0,,
245,27,لدين,وثلاثماءة,المعز,وام,4,24,12.0,,6.0,5.0,1.0,
530,10,للافتاء,علوم,والتدريس,قضاء,2,10,7.0,,,,3.0,
494,11,للعمل,العمل,اقبغا,القلاع,2,6,,,,2.0,4.0,
545,10,لمراده,الدهر,اللمم,ومهد,2,4,3.0,1.0,,,,
513,10,لمطالبته,المغاني,النكبة,وصعدا,2,9,,,,2.0,7.0,
345,18,لهب,استضعفته,فلطمني,ونتحمل,1,15,,15.0,,,,
197,33,ليعودن,حثيا,يوشك,قال,2,27,,26.0,,1.0,,
214,29,مارية,وهبها,وواحدة,الدلدل,3,13,1.0,9.0,,3.0,,
123,58,مجيد,باركت,ال,صل,1,17,,17.0,,,,
108,65,محبة,العبد,تعالي,حمده,1,20,,20.0,,,,
181,37,محمد,المروزي,بن,سهل,1,4,,4.0,,,,
22,245,محمد,بن,يوسف,الحسن,1,71,71.0,,,,,
35,151,محمد,عبد,الرحمن,العزيز,1,32,32.0,,,,,
346,18,مخلوق,ام,فقلت,كمثله,1,11,11.0,,,,,
285,23,مدته,اشهر,فكانت,سنين,2,17,,,,10.0,7.0,
189,35,مدته,بعده,اشهر,فكانت,4,25,3.0,,1.0,13.0,8.0,
457,12,مدعم,مولدي,واختياره,المريسيع,1,10,,10.0,,,,
328,19,مروءة,ببلبان,بمكة,عفيفا,2,18,9.0,,,,9.0,
3,1224,مروان,الكوفة,معاوية,الزبير,5,417,295.0,38.0,7.0,86.0,,4.0
456,12,مسست,شممت,الين,اطيب,1,5,,5.0,,,,
343,18,مشافهة,الكتب,قماري,الاجتماع,2,11,5.0,,,,7.0,
538,10,مضاض,الالواح,عكاظ,معهم,2,5,2.0,3.0,,,,
249,26,معد,معز,والمرزبان,المعز,4,18,8.0,,4.0,4.0,2.0,
106,68,مقرر,الجهة,ومنها,يجبي,3,26,1.0,,,17.0,8.0,
112,64,مهملة,وسكون,المهملة,نسبة,1,51,51.0,,,,,
161,43,موسي,محمد,يوسف,الحسن,1,23,23.0,,,,,
146,49,ناءب,كختا,وناءب,ارزنكان,3,37,4.0,,,1.0,32.0,
475,12,ناءب,والامير,بعسكرها,حمص,2,9,3.0,,,,6.0,
312,21,ناطور,صانعا,يخدمني,لي,2,17,14.0,,,3.0,,
219,29,نافلة,الليل,فتهجد,قيام,2,13,,12.0,,1.0,,
495,11,نبابا,اخشابه,ورخامه,فروج,3,10,1.0,,,1.0,8.0,
234,27,نبيا,جبريل,عبدا,ملكا,1,18,,18.0,,,,
160,44,نحر,جزاءر,عوف,عشرا,1,30,,30.0,,,,
41,141,نسبته,لقبه,المترجم,الصفحة,1,83,83.0,,,,,
43,132,نسبهم,الشيعة,نسبه,شيعة,5,40,11.0,4.0,13.0,10.0,2.0,
29,186,نشر,بيروت,لابن,القاهرة,2,29,28.0,,,,,1.0
472,12,نصف,بكمالها,الصالحي,ثلث,1,3,,,,,3.0,
529,10,نظمها,الفراض,ونزهة,سماها,3,9,6.0,,,2.0,1.0,
449,13,نوبة,الناصري,راس,باي,1,13,,,,,13.0,
311,21,نور,ازماع,وتجمعها,شاور,4,11,2.0,,7.0,1.0,1.0,
281,23,نوغاي,مماليكه,هجموا,واعتورته,4,15,1.0,,3.0,3.0,9.0,
356,17,هءلاء,الوانهم,وانهار,هنية,1,6,,6.0,,,,
178,37,هارون,المءمنين,ولا,امير,2,7,5.0,,,2.0,,
50,125,هفتكين,القرمطي,القرامطة,قسام,4,78,36.0,,27.0,10.0,5.0,
333,19,هولاكو,غازان,البكي,فاكرمهم,3,13,4.0,,,1.0,8.0,
335,19,وابطل,فتعطل,فبطلت,البردار,5,16,2.0,,1.0,1.0,11.0,1.0
78,85,وابو,وابي,الحسن,احمد,2,58,57.0,,,1.0,,
376,16,وابو,وعبد,وجابر,واسمه,1,4,,4.0,,,,
61,103,وابي,وسمع,وقرا,الحسن,1,84,84.0,,,,,
467,12,واخبر,وانذر,وان,لحوقا,2,4,1.0,3.0,,,,
31,176,واخرج,ووجد,الف,قطعة,4,53,6.0,,15.0,23.0,9.0,
192,35,واستقر,عوضا,استقر,خلع,1,28,,,,,28.0,
27,196,واستقر,عوضا,استقر,نظر,3,149,4.0,,,4.0,141.0,
202,32,واستقر,عوضا,استقر,ولاية,1,30,,,,,30.0,
549,10,واستقر,عوضا,وخلع,عشرينه,1,10,,,,,10.0,
369,16,واستقر,وخلع,عوضا,نظر,2,16,1.0,,,,15.0,
91,76,واستقر,وخلع,عوضا,نوبة,2,51,,,,1.0,50.0,
149,48,واعظمهم,ولا,واصدقهم,بفظ,1,15,,15.0,,,,
540,10,واعقل,تعقل,الصفوة,وشدها,2,7,,6.0,,1.0,,
270,24,واعلموا,فءة,منا,وزعمت,4,16,5.0,4.0,1.0,6.0,,
501,11,واكل,ياكل,خبز,والتمر,1,5,,5.0,,,,
508,10,والارامل,ويكرم,ويلازم,ويشفق,3,8,4.0,,,3.0,1.0,
455,12,والخالص,الارتفاع,الكلف,درهم,1,2,,,,2.0,,
408,14,والساعة,نصف,كهاتين,السلام,1,2,,,,2.0,,
280,23,واللغة,وشرط,النحو,وعلم,1,22,22.0,,,,,
243,27,والله,ارشوه,الزبير,منك,3,18,12.0,5.0,,1.0,,
293,22,والله,خبيب,اهلكم,لقد,2,20,3.0,17.0,,,,
296,22,والمكين,وفيه,واخوه,وفيها,1,20,,,,,20.0,
521,10,واين,ونبينا,حيوانا,لسليمان,1,5,,5.0,,,,
287,22,وترعة,وبعض,توت,تفتح,1,3,,,,3.0,,
76,87,وتوفي,الاديب,بدمشق,هبة,1,45,,,,,45.0,
37,148,وجهان,الرافعي,الماوردي,يحرم,1,54,,54.0,,,,
262,24,وحدث,المشهدي,واربعماءة,توفي,1,23,23.0,,,,,
266,24,وحفظت,الفقراء,الادبية,التعصب,3,20,13.0,,,3.0,4.0,
327,19,وحلف,الراجل,غرماءنا,فتحير,4,12,2.0,,7.0,1.0,2.0,
96,74,وخراب,واخبر,مصرا,الامم,3,26,1.0,12.0,,13.0,,
250,26,وخطب,قافلة,عيد,والصلات,2,16,1.0,,15.0,,,
551,10,ودرس,وقرا,الهندي,الايكي,3,10,7.0,,,2.0,1.0,
429,13,وذكره,الطعام,البخاري,كتاب,1,10,,10.0,,,,
100,72,ورسوله,الذين,والذين,تعالي,2,40,1.0,39.0,,,,
421,14,وزعموا,قتله,الدثنة,وعليكما,2,11,3.0,8.0,,,,
329,19,وستماءة,الفاسي,وحدث,ولد,1,19,19.0,,,,,
277,23,وستماءة,مولده,والعشرين,وحدث,1,23,23.0,,,,,
14,379,وستماءة,ولد,وحدث,وسمع,3,266,263.0,,1.0,,2.0,
104,69,وسمع,توفي,وحدث,وستماءة,1,61,61.0,,,,,
496,11,وسمع,طاهراحمد,سمع,الخطيب,1,9,9.0,,,,,
326,19,وسمع,وحدث,وابي,الدمياطي,3,19,17.0,,,1.0,1.0,
205,31,وسمع,وغيره,وابا,وحدث,1,31,31.0,,,,,
142,50,وسيعلم,ينقلبون,منقلب,فءة,5,16,5.0,,4.0,1.0,5.0,1.0
191,35,وصرف,القضاء,كدينة,صرف,2,14,7.0,,7.0,,,
186,36,وعبد,ونافع,وسعيد,مدنيون,3,24,15.0,8.0,,1.0,,
297,22,وعشرون,فرسا,حرير,ووجد,4,18,4.0,,4.0,3.0,7.0,
507,10,وعقد,بالبطاح,طليحة,وامره,1,4,,4.0,,,,
451,13,وعلامتها,تولد,وفكرة,للبعض,3,10,5.0,,,2.0,3.0,
30,179,وعمل,صورة,وجعل,نحاس,4,62,2.0,,1.0,58.0,,2.0
483,12,وعهده,اعضل,والدبابات,لبيبا,1,9,,9.0,,,,
490,11,وعوف,وضربها,المنصوبة,استوسق,2,6,5.0,,,1.0,,
525,10,وفي,استقر,وعزل,عشرينه,1,10,,,,,10.0,
387,15,وفيه,واستقر,البريد,اسنبغا,2,15,1.0,,,,14.0,
86,79,وفيه,وفي,واستقر,خلع,4,70,2.0,,1.0,1.0,66.0,
256,25,وقاضي,وناظر,الدين,القضاة,1,12,,,,,12.0,
175,38,وقرا,قرا,التابعون,القراءات,1,9,,9.0,,,,
75,87,وقرا,وسمع,القراءات,وستماءة,3,69,67.0,,,1.0,2.0,
117,61,وقيل,بنات,فاطمة,زينب,4,34,2.0,30.0,1.0,1.0,,
385,15,وكتاب,جزءان,عوالي,اطراف,1,3,3.0,,,,,
139,52,وكتاب,مجلدات,شرح,كتاب,1,24,24.0,,,,,
445,13,وكورة,قرية,كورة,المني,1,3,,,,3.0,,
134,53,وماءتين,ثقة,الدارقطني,وقال,2,49,48.0,,,1.0,,
543,10,ومات,الاندرشي,جكو,مذبوحا,1,10,,,,,10.0,
379,16,ومات,القان,المظفر,رخ,3,10,1.0,,,1.0,8.0,
552,10,ومات,عشرين,شعبان,احميم,2,9,1.0,,,,8.0,
370,16,ومات,فارغة,ربيع,داءه,3,14,,,1.0,1.0,12.0,
527,10,ومات,مقتولا,الفلكيات,شجاعا,1,8,,,,,8.0,
126,57,ومات,وتوفي,الالوف,الامير,2,46,,,,1.0,45.0,
16,355,ومات,وتوفي,الدين,الشيخ,3,187,4.0,,,4.0,179.0,
420,14,ومات,ومولده,حظ,فخر,2,13,1.0,,,,12.0,
505,11,ومتاع,جيش,وصية,ابيكما,4,6,2.0,,2.0,1.0,1.0,
331,19,ومسح,ودعا,يشب,يده,1,4,,4.0,,,,
120,60,ومنبري,الجنة,مكة,افضل,3,29,1.0,27.0,1.0,,,
57,109,ومنع,قشر,الفقاع,سجل,4,50,3.0,,15.0,23.0,9.0,
114,64,وناءب,وامير,والدوادار,وقاضي,2,29,,,,1.0,28.0,
74,88,وولي,اناف,السبعين,قضاء,4,75,44.0,,2.0,7.0,22.0,
271,24,ويزرع,ويدرك,الفدان,برموده,1,6,,,,6.0,,
182,37,ويقرا,اوراده,يشرب,قط,4,20,12.0,,1.0,6.0,1.0,
12,507,يا,امتي,هل,اني,3,71,2.0,68.0,,1.0,,
517,10,ياكل,خبزهم,طاويا,الشعير,1,10,,10.0,,,,
407,14,يجعلوا,ارجلكم,فامروا,تاتيهم,3,7,1.0,1.0,,5.0,,
363,17,يحيي,الشلوبين,الصواف,محمد,1,6,6.0,,,,,
229,28,يحيي,يونس,بكير,الايلي,1,3,,3.0,,,,
171,40,يركب,يقضيه,وكان,لبكتمر,5,27,13.0,1.0,3.0,5.0,5.0,
47,126,يزيد,القيروان,المنصور,المهدية,4,48,31.0,,13.0,1.0,3.0,
111,64,يستسقي,طريق,حدثنا,قال,3,52,5.0,44.0,,3.0,,
359,17,يسجد,تسجد,لامرت,لزوجها,1,8,,8.0,,,,
177,37,يشتمل,العلوم,اخبار,الكتاب,5,13,2.0,1.0,2.0,8.0,1.0,
79,84,يصبغ,يخضب,لحيته,حديث,1,36,,36.0,,,,
133,53,يطلع,الفجر,عشريه,وفيه,1,8,,,,8.0,,
319,20,يعادي,مخزوم,استعمله,خءولة,1,19,,19.0,,,,
25,214,يوما,السنة,ثلثماءة,الف,2,58,,1.0,,57.0,,
