Topic,t0,t1,t2,t3,t4,t5,t6,t7,t8,t9,Count,msCount,uriCount,Notes
-1,في,من,ان,علي,قال,نوح,حدثنا,عليه,الله,تعالي,18093,4861,2325,
0,ايوب,صفوان,عبدالله,عن,السلام,جعفر,الحسن,يحيي,ابي,عمير,682,545,101,Generally Qur'anic quotation - some isnads containing Noah
1,نا,اخبرنا,حدثنا,محمد,احمد,انا,انبانا,ثنا,ابو,الحافظ,659,535,179,
2,الدوله,الامير,خراسان,بخاري,منصور,سبكتكين,وثلاثماه,سامان,ركن,اسد,499,349,73,Political - often Noah b. Nasr
3,طريق,رواه,اخرجه,حديث,الدارقطني,هريره,الحديث,رقم,عن,ورواه,481,417,161,isnad
4,الحمام,البحر,الهوي,اذا,لو,اري,بها,الزمان,تام,عيني,452,344,223,Poems referring to Noah
5,هارون,النعمان,ابو,بن,بنت,هاشم,نصر,عبد,نوفل,الدين,402,319,195,Name lists - son of…
6,سوره,الايه,انظر,ايه,الكتب,عربي,ديوانه,الكريم,القران,الصفحه,378,351,166,Mostly citation of Qur'an - Surat Noah
7,قحطان,عابر,شالخ,سام,ارم,ارفخشذ,ارفخشد,بنو,يعرب,سبا,356,279,132,Genealogy - back to Noah - mostly of Qahtan - works of Sira and Tabaqat - adjacent tree contains biographical-oriented topics
8,وابي,الغافقي,القراات,بلنسيه,البلنسي,وتوفي,سعاده,واجب,وابا,واجاز,287,243,49,Genealogy back to modern Noah
9,روي,يروي,عنه,سمع,قيس,الطاحي,ابي,سمعت,الرحمن,الحداني,251,231,33,
10,قصه,الملا,قوم,حكايه,هود,كذبت,التكذيب,كفروا,لان,ذكر,222,205,49,"Stories in the Quran - sometimes reference to Surat, sometimes short disc. - topic tree with 11"
11,السلام,ذلك,وراثه,هذا,عليه,كما,تعالي,لا,علي,معجزه,220,199,138,"Stories of Noah (in Quran?) - with focus on possesives of Noah - Shiddat Nuh, Tufan Nuh, Shari'at Nuh - testing Noah - quite broad however"
12,مصر,مدينه,بيصر,بناها,سميت,حام,مصرايم,وهي,قبطيم,النيل,216,192,81,Different areas populated by Noah's children - mostly geographers - focus on son who populated Egypt (Ham)
13,بيتي,تخلف,نجا,ذر,مثل,عنها,ركبها,سفينه,عرفني,غرق,205,156,104,Hadith - popular with Shi'i authors? - comparing ahl bayt to Noah's ark - in later Sunni texts - no canonical Hadith works
14,وعبد,وابي,ومحمد,وابو,ويحيي,وروح,وعلي,وعثمان,وسالم,وسفيان,187,182,21,Isnad
15,دور,النطقا,شريعه,مقام,السبعه,ادم,ووصيه,الدور,الناطق,دوره,185,139,97,Noah within prophetic lineage?
16,النسبه,اخرها,وسكون,المعجمه,معجمه,حدث,بفتح,فهو,وفتح,المهمله,184,175,30,Spelling of names
17,ثنا,ثني,كريب,مجاهد,نجيح,ورقا,حدثني,قال,التاويل,الضحاك,176,145,13,
18,الباقون,والكساي,الواو,والباقون,الاختيار,نافع,ولدا,وولدا,اليا,وفي,174,155,38,
19,البيت,الكعبه,ياقوته,رفع,تناسخت,قواعده,فبناه,حمرا,القواعد,يطوف,170,141,92,
20,ناحور,انوش,قينان,شيث,ازر,متوشلخ,اخنوخ,تارح,شالخ,لمك,168,121,110,Genealogy - back to Noah - largely middles of genealogical chains
21,مفردها,الف,مجموحه,ذكر,حبف,صفين,خوف,بالتين,لبنا,ها,148,135,80,Uncorrected OCR
22,وعنه,وثقه,وجماعه,وابن,البصري,ثقه,معين,الوفاه,وابو,صدوق,130,124,22,
23,منصوب,معطوف,يكون,مفعول,ويجوز,المصدر,عطف,نصب,قوله,يجوز,127,123,41,
24,اهلي,وعدك,الحاكمين,احكم,ابني,اهلك,ليس,وانت,عمل,الحق,126,117,95,
25,وعن,ثنا,حب,كلاهما,عه,به,حديث,الكبري,الرزاق,خز,126,119,6,
26,الجريري,سالم,حدثنا,وسلم,صلي,رسول,النبي,انس,عن,قتاده,125,115,73,
27,فيقول,فيقال,هل,بلغكم,بلغت,اتانا,وامته,فيقولون,نعم,يشهد,121,110,94,
28,الدين,المقدسي,شمس,الاربلي,والامام,الصلاح,الرحمن,وتفقه,الدمشقي,الامام,117,101,68,
29,والي,فلينظر,ينظر,حلمه,علمه,اراد,فهمه,طالب,زهده,بطشه,116,100,77,
30,البحيري,سمع,وابي,النيسابوري,توفي,محمد,بحير,نيسابور,بكر,النوحي,111,104,41,
31,الجودي,الحمامه,السفينه,الغراب,الما,نضب,رجليها,بخبر,بورق,فوقع,109,100,71,
32,معبد,واخرجه,المصري,الجماعه,اخره,عن,النساي,شيخ,طريقين,صحاح,105,104,27,
33,امركم,فاجمعوا,وشركاكم,وتذكيري,مقامي,غمه,بايات,اقضوا,توكلت,كبر,105,101,81,
34,اخذنا,ميثاقهم,واذ,ومنك,ميثاقا,غليظا,النبيين,واخذنا,وموسي,وعيسي,105,100,88,
35,اوحينا,ورسلا,والاسباط,واوحينا,زبورا,واتينا,والنبيين,ويونس,وايوب,نقصصهم,101,95,78,
36,وسكون,مهمله,مدينه,اوله,نهاوند,نون,بفتح,وهي,سميت,ساكنه,100,99,33,
37,وممن,انعم,سجدا,خروا,وبكيا,تتلي,واجتبينا,واسرايل,ذريه,هدينا,96,92,77,
38,مبعوثا,خاصه,لم,اميرا,بابراهيم,يكن,اليهم,يكون,يبعث,افضل,95,80,58,"Noah's message/mission/Shari'a - often in relation to other Prophets - dominated by late, Mamluk-era texts"
39,يضلوا,تذرهم,فاجرا,يلدوا,كفارا,عبادك,انك,ديارا,الكافرين,تذر,92,87,73,
40,فبعث,واحده,فاختلفوا,اختلفوا,امه,كفارا,كانوا,الناس,النبيين,مبشرين,92,77,59,Noah's mission in relation to other Prophets - discussed in Tafsir
41,يرو,تفرد,نا,الحديث,حرب,حدثنا,لم,الا,الاسناد,ثنا,90,68,9,
42,شقاقي,يصيبكم,يجرمنكم,اصاب,ببعيد,قوم,انيب,منكم,واستغفروا,ودود,90,87,69,
43,انا,الحمامي,البقال,السمرقندي,اميه,اخبرنا,الفضل,انبانا,الحسن,حبيب,89,87,2,
44,وجعل,فيهن,نورا,تروا,طباقا,القمر,سماوات,سراجا,الشمس,سبع,87,82,62,
45,الشيخ,يخلف,ومنهم,زنغيل,وذكر,العزاب,زكريا,مزاته,وارجلان,وكان,86,79,26,
46,بشرع,متعبدا,شرع,وقيل,بشريعه,يتعبد,البعثه,فقيل,ثبت,متعبد,84,73,66,Discussion of Noah's Shari'a and how it relates to later Shari'a
47,بفضال,جبريل,فضال,عمر,حسنات,حدثتك,لبث,نفدت,اتاني,انفا,84,71,57,
48,وازدجر,فكذبوا,عبدنا,عسر,مجنون,الداع,الكافرون,مهطعين,فانتصر,وقالوا,82,79,63,
49,سنه,واربعون,الف,وبين,الاف,وماتا,الفا,خمسماه,وستون,واثنتان,82,66,52,
50,التنور,تنور,فار,الكوفه,فاركب,يفور,وفار,الما,نبع,حجاره,79,71,52,
51,وميكال,ورسله,وجبريل,وملاكته,ومنك,ميثاقهم,اخذنا,واذ,النبيين,العام,76,76,43,
52,واخرج,وابن,المنذر,جرير,حاتم,حميد,رضي,قتاده,اصابهم,الشيخ,73,64,16,
53,امرات,وفي,والخمسون,وامرات,سوره,المعارج,مواضع,المدثر,وفيها,ثنتان,72,66,46,Citation of Qur'anic Suras - including Noah - particularly quotation of al-Tahrim 8
54,يضع,حديثه,الحديث,متروك,مجهول,معين,منكر,ليس,بشي,وقال,72,66,29,
55,الجاريه,لنجعلها,حملناكم,تذكره,طغي,وتعيها,واعيه,اذن,اباكم,الما,69,65,50,
56,مثاكيل,صيابه,النوب,ومستشحجات,الرمه,بالفراق,كانها,فنح,مناحه,شحج,69,69,27,
57,الشفاعه,القيامه,فيقول,الصراط,ثم,اخرهم,سيد,عيسي,يمينك,الشفعا,68,65,44,
58,عبدين,مثلا,كانتا,فخانتاهما,عبادنا,للذين,صالحين,ضرب,كفروا,تحت,67,64,64,
59,ذريه,هدينا,ذريته,ويعقوب,وممن,كلا,ونوحا,واسرايل,حملنا,وهدينا,66,65,46,
60,الفرس,ملك,افريدون,بابل,ملوك,الطوفان,كيومرث,الضحاك,كيومرت,مصر,65,62,35,Descendants of Noah - with a focus on those who populate Persia
61,جعلكم,واذكروا,خلفا,لينذركم,وزادكم,جاكم,فاذكروا,منكم,بسطه,لعلكم,64,58,52,
62,النجاشي,عقده,رجال,التوثيق,الثقه,الفهرست,الشيخ,عنونه,العباس,الخلاصه,64,60,16,
63,اهله,ليس,اهلك,البعض,اهلي,الفضيحه,النسخ,انه,الجاهلين,فراشه,63,63,50,
64,الثقات,حبان,وعنه,روي,اياس,وذكره,معيقيب,قيس,يزيد,ذكره,63,60,22,
65,وانهاك,اوصيك,امرك,لابنه,اخبركم,كفه,بوصيه,باثنتين,ابنه,اله,62,58,46,
66,وكيع,عيينه,رايت,ورايت,الثوري,سمعت,عيناي,ومعمرا,ومالكا,شعبه,61,57,29,
67,ياجوج,وماجوج,الترك,يافث,القرنين,السد,اجيج,قبيلتان,وهما,لكثرتهم,61,61,53,
68,تذرن,عكفوا,قبورهم,ونسرا,ماتوا,سواعا,الهتكم,ويعوق,ودا,تماثيلهم,60,59,24,
69,فكانت,لكلب,لهذيل,لهمدان,بدومه,ود,الجندل,سواع,يعوق,واما,59,57,56,
70,الاوتاد,وفرعون,الايكه,الاحزاب,فحق,واصحاب,عقاب,ذو,جند,مهزوم,58,55,53,
71,ترجون,الرجا,وقارا,تخافون,الخوف,يرجون,لله,عظمه,يخافون,لقانا,58,57,36,
72,الدين,الكرادي,الاشقر,قضا,القاهره,خليل,الحنفي,الشيخ,مشيخه,كرك,57,55,28,
73,انذره,يقله,باعور,فاثني,ساقول,قولا,اعور,نبي,الدجال,تعلمون,57,57,41,
74,المعتز,وصيف,مخلد,طاهر,اسرايل,الافشين,المعتصم,قبيحه,صالح,اصحابه,57,53,27,
75,يغضب,نفسي,اذهبوا,مثله,تري,نهاني,غضبا,فعصيته,غضب,بلغنا,57,54,53,
76,بكتابه,بطه,كتاب,كوفي,اخبرنا,حمزه,حدثنا,يرويه,الصفار,نوادر,57,52,3,
77,جش,ثقه,جخ,كوفي,كش,المهمله,مولي,القمي,المعجمه,يكني,55,51,16,
78,ونساهم,ثمانيه,وبنوه,كانوا,وحام,ويافث,الثلاثه,بنين,امن,وثلاثه,55,50,42,
79,الريان,فرعون,عملاق,لاوذ,مصعب,عمليق,قاران,الوليد,علوان,سام,55,52,31,Descendants of Noah - more general - focus on rulers in regions
80,تخلف,ركبها,نجا,كسفينه,بيتي,غرق,عنها,وهوي,فيكم,اهل,54,50,34,Hadith - popular with Shi'i authors? - comparing ahl bayt to Noah's ark - no of quotes from Mu'ayyad in Majalis and one in Diwan
81,بمكيال,الخزان,طغي,قطره,عتت,الريح,ريح,الما,حملناكم,ويوم,52,49,38,
82,دعوتهم,واستكبروا,استكبارا,واصروا,اذانهم,لتغفر,دعاي,كلما,واستغشوا,ثيابهم,52,46,40,
83,كارهون,ارايتم,انلزمكموها,تنته,فعميت,لن,واتاني,وانتم,توليتم,اعرضتم,52,52,38,Discussion of Noah in works of Tafsir
84,وسلم,صلي,رسول,حدثنا,هريره,نافع,النبي,ثنا,قيس,عن,52,51,37,
85,حوشبا,يمل,يعمر,نفعها,تر,يبني,بقيله,امسي,وامر,لبني,52,52,43,
86,خمسين,سنه,الف,عاما,قرون,وبين,فلبث,والقرن,وخمسين,قومه,52,50,43,
87,فالتي,والنار,الجنه,انذركم,اعور,يجي,الدجال,احدثكم,انذر,واني,52,50,49,
88,بعثنا,ليمنوا,قومهم,رسلا,فجاوهم,كذبوا,بالبينات,نطبع,المعتدين,قلوب,51,48,39,
89,وللممنين,اغفر,ولوالدي,والممنات,ولمن,ممنا,لي,دخل,رب,لذنبك,51,51,44,
90,اعوذ,بك,علم,وترحمني,اسالك,لي,اكن,الجاهلين,تغفر,الخاسرين,49,48,41,
91,حنيفه,ورواه,مسنده,واخرجه,رضي,اخرجه,عن,ابي,البخاري,خسرو,49,47,6,
92,والتعديل,رقم,الجرح,الصفحه,بنو,الرحمن,قبر,ومات,جبرايل,الرقم,49,49,36,
93,فاتقوا,واطيعون,اخوهم,اجر,اجري,تتقون,امين,المرسلين,اسلكم,اسالكم,48,48,41,
94,الصالح,يلد,ادريس,نبيا,جد,المرخون,لكان,مرحبا,ادري,نبي,48,46,33,Noah and prophetic genealogy
95,افواههم,فردوا,جاتهم,ياتكم,كفرنا,تدعوننا,ارسلتم,يعلمهم,مريب,ايديهم,48,45,41,
96,لمشهد,احدكم,شهده,يغبر,وجهه,العاشر,ولو,عمل,يمينا,افضل,48,43,38,
97,اخاف,التناد,تولون,مدبرين,يضلل,للعباد,ظلما,داب,اهديكم,الرشاد,48,47,45,
98,اجرامي,واوحي,تجرمون,بري,افتريته,تبتس,فعلي,يفعلون,يمن,افتراه,48,45,43,Discussion of Noah's story - mostly in Tafsir
99,سميت,الشام,شام,شاما,بسام,سمي,وسود,بالسريانيه,الكعبه,وشام,47,46,42,
100,النبيين,ميثاقهم,ومنك,واخرهم,اخذنا,البعث,واذ,الميثاق,ورات,نبوتك,46,42,38,
101,حمد,الحمد,شكورا,عبدا,اكل,ثوبا,لبس,واذا,شرب,لله,46,41,35,
102,الكلاع,وذمه,عيالي,فقال,قتالكم,قتالنا,ذو,سيما,عندنا,عمار,46,33,23,
103,جزا,كفر,فعلنا,لمن,تركناها,باعيننا,تجري,بمراي,ثوابا,باعين,46,46,44,
104,يلي,يافث,ولد,بلاد,حام,الحبشه,كوش,المغرب,والحبشه,وهم,45,43,29,Descendants of Noah - general some focus on West
105,تفرد,حديث,غريب,الحديث,عنه,به,وتفرد,يروه,الزهري,سالم,45,43,2,
106,ولدته,بنت,حبيبه,قارا,للقران,الثقفي,حكيم,قانف,عروه,ام,45,42,38,
107,وابكاني,بس,النادمين,المتوسم,ازل,واعوذ,المتلوم,اعاتبه,مسجده,دعوته,44,42,39,
108,وجعلناه,هدي,واتينا,تتخذوا,دوني,وكيلا,لبني,اسرايل,شكورا,الكتاب,44,44,41,
109,مكيه,يوعدون,ذله,ترهقهم,الرحيم,بسم,خاشعه,ابصارهم,ياتيهم,ارسلنا,44,43,39,
110,وكلا,كذبوا,واعتدنا,للظالمين,اذهبا,وقرونا,وجعلناهم,وزيرا,اغرقناهم,ضربنا,44,42,43,
111,از,را,در,که,است,بود,این,تا,كه,بر,43,36,13,
112,دين,النصاري,مهب,دينهم,صبا,الجنوب,قبلتهم,الصابون,يزعمون,اليهوديه,43,42,42,Discussion of different religious groups and belief in Noah - mostly on Sabians
113,ارم,عاد,عوص,الاولي,بعاد,عادا,العماد,هاشم,الاخيره,قبيله,43,41,38,
114,مثلك,عصاني,تبعني,غفور,فانك,تذر,ديارا,رحيم,مني,الكافرين,42,42,41,
115,قزح,ابليس,قوس,فاخبرنا,فاوحي,المجره,واياك,واحدثك,عدو,فاني,42,40,30,
116,وعترتي,بيتي,يردا,الحوض,فيكم,يفترقا,تضلوا,ركبها,نجا,تمسكتم,42,34,35,"Hadith - popular with Shi'i authors? - comparing ahl bayt to Noah's ark - Ismaili texts, Dhahabi listing as non-Sahih"
117,جرير,حدثني,الاخطل,قبحك,الاصمعي,حوي,اخبرني,بشار,ثقيف,وقبح,42,40,26,
118,حدثني,حدثنا,نا,قيس,قال,عون,سمعت,الدنيا,هرم,سوار,42,39,31,
119,معاشهم,يزال,موافقه,يزل,القدر,ابليس,ولا,ممتنع,الكفار,فان,41,40,25,Almost exclusively Ibn Taymiyya - referring to Noah in relation to other Prophets - and Noah's people
120,البكا,الميت,تعليم,الصوت,والبكا,بدونه,الاجاره,الشعر,وشق,تعزيه,41,40,30,
121,الترديد,دعوته,ابدا,عبدتم,حييت,عابدون,حتما,كالذي,فهذا,بارع,41,40,32,Discussion of Noah in works of Tafsir
122,انذره,خفي,فاطنب,والنبيون,يخفي,شانه,عليكم,امته,الوداع,واثني,41,41,37,
123,الوسط,الصرف,الثلاثي,العجمه,الساكن,ساكن,السببين,هند,المنع,صرفه,41,38,30,
124,ومنهم,خسفنا,اخذته,الصيحه,اغرقنا,العنكبوت,اتخذوا,ليظلمهم,يظلمون,قارون,41,41,39,
125,فانك,ومثلك,تعذبهم,غفور,كمثل,عصاني,واشدد,الحكيم,مثلك,تغفر,40,38,38,
126,يتيمم,يتوضا,حنيفه,التمر,يجوز,التوض,يوسف,تعجيلها,وروي,وبه,40,40,27,
127,بالباطل,وجادلوا,ليدحضوا,لياخذوه,برسولهم,وهمت,والاحزاب,فاخذتهم,عقاب,كفروا,39,38,32,
128,ذراع,ذراعا,وعرضها,طولها,وطولها,ثلاثين,ثلاثماه,طول,ثلاثون,خمسون,39,33,30,
129,ونجيناه,الكرب,ولقد,المجيبون,فلنعم,نادانا,واهله,نجزي,المحسنين,المخلصين,39,39,35,
130,تذرن,ويعوق,الاصنام,اصنام,ودا,ويغوث,الهتكم,سواعا,اسما,ود,38,35,33,
131,اعبدوا,الاسلام,غيره,اله,الرسل,واجتنبوا,نستعين,الطاغوت,وصالح,العباده,38,37,17,
132,ثمود,ارم,عاد,اخاهم,والشام,الحجر,الحجاز,القليل,لقله,مساكنهم,38,38,33,
133,لتكونن,تنته,المرجومين,الشعرا,وبينهم,لن,بالحجاره,بيني,كذبون,بطارد,38,35,27,
134,ياتهم,اتتهم,والمتفكات,ليظلمهم,يظلمون,مدين,الم,نبا,رسلهم,انفسهم,37,37,35,
135,يا,ايها,باسماهم,اسكن,وزوجك,الرسول,باسمه,اهبط,خاطب,اعرض,37,36,32,
136,ساوي,يعصمني,اركب,تكن,معنا,معزل,اركبوا,لغفور,كالجبال,موج,37,37,33,
137,الحمامي,البقال,اميه,انا,السمرقندي,حبيب,الفضل,القاسم,سمعت,الحسن,37,37,2,
138,دير,قبر,جبل,وبها,قريه,الجودي,الجبل,مبني,ثمانين,استوت,37,34,26,
139,كلامي,فوصفه,راني,سراقه,انذركموه,سيدركه,لعله,الدجال,الجراح,واني,37,34,31,
140,تحقيق,الذهب,مروج,بيروت,تاريخ,دار,الكامل,القاهره,لابن,البلدان,37,36,31,
141,تتخذوا,حملنا,ذريه,دوني,وكيلا,ربا,شكورا,عبدا,الاسرا,وقضينا,36,33,34,
142,كمثل,ومثلك,الملاكه,والنقمه,جبريل,اعدا,عصاني,تبعني,غفور,ديارا,36,34,24,
143,فاجاب,والقواريري,سجاده,حنبل,وسجاده,الحبس,ومحمد,القواريري,فشدوا,الحديد,36,34,31,
144,ويجعل,باموال,ويمددكم,وبنين,انهارا,جنات,مدرارا,يرسل,غفارا,استغفروا,36,36,32,
145,واثار,وميراث,والاسم,العلم,باعث,طاعتي,ويكون,العقب,وصدقوه,النبوه,36,30,17,
146,سنه,وستين,لمضي,وعاش,تسعماه,عاش,للطوفان,وتسعا,وخمسا,وثلاثين,36,26,21,
147,الكف,يجرمنكم,شقاقي,يصيبكم,وشبك,قتلتموني,اصابعه,اصاب,تقتلوني,ابدا,36,36,26,
148,الطرسوسي,الطباع,الخصيب,حمدان,سمعت,البزاز,القاضي,جعفر,عيسي,بمصر,35,35,20,
149,السفن,المشحون,يركبون,وخلقنا,ذريتهم,الفلك,سفينه,المملو,الابا,ذرياتهم,35,33,30,
150,ثنا,قط,سرار,مجشر,القدوس,الجرمي,الجنديسابوري,عه,سيف,حديث,35,35,18,
151,وولد,وفارس,والروم,والترك,والخير,والبربر,فيهم,والسودان,فولد,ياجوج,35,30,30,
152,وابا,ومحمد,وابو,واحمد,الجنديسابوري,وعبد,محمد,بكر,احمد,البغدادي,35,34,10,
153,الروح,القلب,الصوفيه,الطبيعه,انصارهم,الرفيعه,الدرجه,وصفاتها,النفس,لنزل,34,29,16,
154,تذرن,الهتكم,سواعا,ودا,يغوث,ونسرا,ويعوق,كبارا,ومكروا,خسارا,34,33,32,
155,اسرايل,واسماعيل,ويعقوب,وشعيب,وهود,ولوط,وصالح,وعيسي,واسحاق,وابراهيم,34,33,31,
156,بقدر,وبنين,فانشرنا,ميتا,السما,البسط,المطر,والذي,بلده,ايحسبون,34,34,22,
157,عام,الاباضيه,الازهار,الارجوزه,فقره,النسخه,نسخه,ترجمته,المتوفي,طيماثاوس,34,33,23,
158,واعرفهم,امتك,الامم,فاعرف,محجلون,بايمانهم,غر,الوضو,يتون,كتبهم,33,33,27,
159,الموتي,عازر,باذني,باذن,احيا,كففت,العجوز,حيا,والابرص,صديقا,33,33,32,
160,اوحينا,تكليمه,حجاب,تكليما,والنبيين,الوحي,ورا,وكلم,اليك,التكليم,33,33,20,
161,وحديث,صلاه,وامير,والمشهد,المشاهد,فرادي,زار,المنسوب,ثواب,فتلخص,33,31,32,
162,كم,قرون,امامه,عشره,انبي,سلام,بينه,نعم,مكلم,رجلا,33,31,26,Hadith (mostly) - how many Prophets between Noah and Muhammad
163,مترفيها,ففسقوا,خبيرا,اردنا,بربك,فدمرناها,بذنوب,وكم,اهلكنا,بصيرا,33,33,31,
164,الوفاه,وعنه,توفي,البغدادي,وجماعه,نزيل,صدوق,معبد,ثقه,الصغير,33,33,11,
165,مرض,الاطبا,وتصدقت,اغراض,فسالته,الفقرا,وشاركتهم,بخدمته,شكرا,الوقت,33,33,26,
166,قتل,الجن,الليله,قبض,لجاريتها,منذ,اخرجي,جنيه,تنوح,فاخبرت,33,32,31,
167,والنوبه,والزنج,والهند,وياجوج,اولاد,والروم,والحبشه,وماجوج,والسند,حام,33,31,26,
168,فاسقا,غراب,الغراب,البين,لخروجها,لتخلفه,سمي,ارسله,جحرها,الفاره,32,31,25,
169,فوقكم,ارجلكم,تحت,عذابا,القادر,بقارون,يلبسكم,شيعا,يبعث,الفيل,32,32,29,
170,منتصرين,استطاعوا,ممتنعين,قيام,واهلكنا,وقوم,فاسقين,الذاريات,كانوا,العذاب,32,32,32,
171,وانه,الشعري,واقني,اغني,فغشاها,النشاه,اهوي,والمتفكه,غشي,تتماري,32,32,31,
172,اعبدوا,واتقوه,لكم,اتقوا,ذلكم,لقومه,وارسلنا,وحدوا,تعبدون,تعلمون,32,31,25,
173,الريس,بخاري,بلخ,سينا,افشنه,الكركي,وتزوج,كرك,الشيخ,العالي,32,25,26,
174,مجالسهم,انصابا,انصبوا,يجلسون,وسموها,ففعلوا,باسماهم,هلكوا,تعبد,عبدت,32,32,29,
175,حرمت,الينا,لحوم,والبانها,انتهي,اليهود,حلا,الابل,حلالا,نحرمه,32,32,28,
176,قبره,شاب,فدعا,الاعظم,فعاشت,فخرج,راسه,وولد,قامت,يشيبون,31,31,30,
177,بيتي,تخلف,نجا,ركبها,عنها,بايهم,كالنجوم,فيكم,اقتديتم,واله,31,30,29,Hadith - popular with Shi'i authors? - comparing ahl bayt to Noah's ark - Ismaili texts
178,عادا,ابقي,الاولي,النجم,اهلك,اظلم,وثمود,واطغي,هلاكا,القدما,31,30,30,
179,محاربتهم,مشاغيل,يستحل,فاعلمهم,الوقوف,باكل,متجره,لارباهم,بخساسه,خساسه,31,30,19,
180,سلام,الصافات,وتركنا,ال,ياسين,وهارون,العالمين,وسلام,الاخرين,يقل,31,30,27,
181,وامرت,اكون,سالتكم,المسلمين,توليتم,اجر,اجري,يرغب,مله,الاسلام,31,29,19,Different religious groups and Noah
182,بكتابه,البرقي,واحمد,كتاب,الحسين,روي,بطه,وكتاب,اصحابنا,محمد,31,29,7,
183,نسخر,تسخرون,سخروا,تسخروا,ملا,فانا,نجارا,منا,وكلما,يتضاحكون,31,28,27,
184,ملاكه,لانزل,سمعنا,جنه,فتربصوا,جنون,ابانا,يتفضل,متبوعا,يدعونا,31,30,27,
185,وسنه,زار,الاولين,عرشه,الاربعه,فمحمد,اين,الاخرين,واربعه,زوار,31,31,27,
186,بعدد,الاجر,حسنات,صدق,وبعدد,وكذب,وشعيب,وصدق,بمحمد,وصالح,31,30,19,
187,الاستسقا,غفارا,استغفروا,مدرارا,يرسل,ربكم,الاستغفار,استسقي,السما,بالاستغفار,31,31,30,
188,امراه,لوط,تخبر,وامراه,ومريم,مجنون,تدل,فخانتاهما,خيانتهما,خيانه,30,29,26,
189,اصطفاك,ابيكم,اشفع,يلجمهم,لقيتم,والعرق,فينطلقون,وال,واستجاب,لقيت,30,29,30,
190,فاستخرج,حريره,العينين,سودا,بابا,صوره,بيضا,اللحيه,ضخم,تعرفون,30,30,23,
191,والزيتون,التين,مسجد,المقدس,دمشق,بيت,ايليا,جبلان,الجبل,سينين,30,30,30,
192,ياتيكم,تعدنا,فاتنا,فاكثرت,الصادقين,جدالنا,جادلتنا,بمعجزين,شا,انتم,30,29,23,
193,ثقه,وسالته,سالت,وسالت,فقال,قلت,داود,باس,ابا,وسمعت,30,27,13,
194,فاوحي,تذر,القصه,رب,مجنونا,ديارا,الفلك,اصنع,واجدادنا,الكافرين,29,29,23,
195,الصاحب,ريس,وبنو,مقاليد,سيمجور,السر,الرسال,اجانه,اعتذرت,لطايه,29,27,18,
196,صدره,يرد,للاسلام,يهديه,يضله,يشرح,حرجا,ضيقا,يغويكم,يريد,28,27,16,
197,الرس,واصحاب,واخوان,وفرعون,الايكه,قبلهم,كذبت,تبع,الخروج,وعيد,28,27,27,
198,حرم,ولذريتك,تاكلوه,واطلقت,ماكلا,العشب,كنبات,خروجه,خلا,دابه,28,28,27,
199,يجدوا,انصارا,ديارا,خطياتهم,دون,نارا,تذر,اغرقوا,فادخلوا,احدا,28,27,27,
200,ذكرك,توضا,قطع,واغسل,وعند,نم,اغسل,الاصيلي,بوضو,الوضو,28,28,20,
201,وسمع,وابي,سماعا,جهضم,المقدسي,وصحب,وزينب,واربعماه,البطي,بندار,28,28,18,
202,الجرح,التهذيب,والتعديل,تهذيب,رقم,الكمال,التقريب,الثقات,كني,الكبير,28,25,13,
203,غار,تابوت,قبيس,الكنز,حوا,الغار,رده,وكبر,ادم,ببيت,28,26,26,
204,نادانا,واهله,الكرب,المخلصين,ونجيناه,المجيبون,فلنعم,العظيم,الصافات,ولقد,27,27,23,
205,وينث,للادميين,التانيث,لفظها,الجموع,ينصرف,ونفر,اسما,قويم,الصرف,27,27,24,
206,اطمس,اموالهم,واشدد,ربنا,الرجلين,قلوبهم,اخوه,قولكم,فخرج,هذين,27,27,27,
207,العدد,الصيغه,اخصر,المده,وافيه,كابده,المصابره,مسوقه,تسعماه,واوصل,27,27,26,
208,يمسي,عقرب,التامات,بكلمات,تلدغه,اعوذ,شر,العقرب,الحيه,حين,27,25,24,
209,الحمي,الاسد,فسلط,تطمن,حمي,يقرب,بيوم,ياكل,شكوا,السفينه,27,25,17,
210,بصار,اتينا,اهلكنا,للناس,القرون,وهدي,ولقد,ورحمه,القري,يتذكرون,27,27,22,
211,صبر,اذي,الذبح,والسجن,وذهاب,سته,المذكورون,ويوسف,واسحاق,هم,27,27,26,
212,قصب,الفار,المعبرين,نعالج,هذذا,العنب,يموت,جبهه,راي,الحواج,27,26,20,
213,تمتعوا,فعتوا,كالرميم,ينظرون,فاسقين,جعلته,منتصرين,استطاعوا,الصاعقه,اتت,27,27,26,
214,وحرام,وحرم,ادركها,فهل,بالحبشيه,اوال,ابقي,مدكر,تركناها,باعيننا,26,26,18,
215,ونجني,فافتح,فتحا,وبينهم,كذبون,لتكونن,تنته,المرجومين,فانجيناه,بيني,26,25,25,
216,يصدقه,كلفوا,بعدم,كاخبار,الامكان,بتصديقه,الممكن,التكليف,وقوعه,واخبار,25,24,19,
217,اكفاركم,براه,اولكم,الزبر,ام,خير,منتصر,استفهام,مقتدر,واقوي,25,25,24,
218,لنعبد,اجتنا,تفلحون,فاذكروا,ونذر,وزادكم,لينذركم,ابانا,لعلكم,تعدنا,25,25,25,
219,وقرا,نوحي,قرا,يوحي,والكساي,الحا,باليا,وحجتهم,عطفا,بالنون,25,24,15,
220,العماليق,معاويه,مكه,عمليق,مسلمهم,ذاك,لاوذ,ومرثد,وسيدهم,يومذ,25,25,25,
221,احسنوا,الحسني,للذين,وزياده,عرفه,سل,سلم,العمل,البناني,البلخي,25,25,23,
222,اعنتها,مقلده,يريدون,ادري,نسا,صفونا,تظل,اخال,صوم,وسوف,25,25,23,
223,شرع,وصي,وصينا,الدين,اقيموا,تتفرقوا,اوحينا,والذي,لكم,اليك,25,25,23,
224,وارث,عليك,صفوه,كليم,يا,خليل,روح,ووارث,السلام,وقل,24,24,8,
225,صباحا,السهل,يسكن,دمامه,الجاهليه,وادريس,الجبل,بطنين,المراه,والاخر,24,24,24,
226,حريق,ساجد,فجعلوا,النار,طيبتها,راسه,وقع,فقبلها,خذها,رفع,24,24,21,
227,رمي,اعادهم,الطراخم,جثمانه,تسوق,سارتقي,المحارم,جنودا,مرتق,هبا,24,23,23,Discussion of biblical events?
228,العيد,يقرا,الثانيه,الاستسقا,بسوره,كصلاه,صلاه,اقتربت,الاولي,العيدين,24,22,19,
229,البلقا,الاصنام,ونستنصرها,فتمطرنا,فتنصرنا,راهم,صنما,ماب,فاسير,اراكم,24,24,22,
230,داب,اخاف,مثل,الاحزاب,ظلما,للعباد,عليكم,والذين,وعاد,بعدهم,24,24,24,
231,نظيرتها,العاشر,ومثلها,الانفطار,السجده,البروج,التغابن,الحجرات,المنافقون,الحديد,24,23,20,
232,صوره,تحول,صورته,الخراساني,والحكما,المقنع,بصوره,بالتناسخ,ثم,وقاتلوا,24,23,24,
233,الدهر,وصام,صام,الفطر,والاضحي,وافطر,نصف,ايام,شهر,ثلاثه,24,24,21,
234,العهد,رايتم,مساكنكم,فاقتلوهن,تذونا,انشدكن,فقولوا,اخذ,عليكن,حيات,24,23,22,
235,النابغه,شعراكم,يخون,تخنها,عاريا,ثيابي,الظنون,فالفيت,اتيتك,اشعر,23,21,20,
236,اين,افضت,الديار,بينما,يعود,الاسره,الخدود,وصحيح,بعدهم,لحقوهم,23,21,21,
237,الاستيفا,غلي,اعقب,الصبح,الافترا,بتحقيقه,بوعيدهم,اللدد,ستلتفت,انطوت,23,23,8,Discussion of Noah in works of Tafsir
238,عاشورا,وفيه,فصام,تاب,يوم,الجودي,شكرا,البحر,فلق,رجب,23,22,18,Hadith/Tafsir Ashura and Noah and fasting
239,المسوح,رحن,نطوح,الوشي,نطاح,نح,عليهن,تنوح,العتاهيه,نفسك,23,23,21,
240,طغي,طغت,بطغيانهم,بالطاغيه,الخزان,نياط,الوتين,وللواحد,اليدان,والرجلان,23,22,20,
241,جت,صعصعه,الساب,نافله,معن,فوجدت,صليت,والنبي,معهم,الصلاه,23,22,22,
242,نتبعهم,نهلك,نفعل,الاخرين,الاولين,للمكذبين,بالمجرمين,المرسلات,ويل,الم,23,23,23,
243,فانفقه,والمروه,قدميه,مظلوما,ذهبا,ومد,يوالك,الصفا,عمره,حج,23,23,22,
244,عجوزا,تنحن,ادركت,ناسا,فاخذ,قالت,مصعب,بايع,عجوز,علينا,23,23,19,
245,ثم,حم,السجده,الغاشيه,يتسالون,تنزيل,الحاقه,انفطرت,الدخان,الجاثيه,22,19,18,
246,معجمه,مفتوحه,خا,مثناه,وسكون,بمهمله,مضمومه,شالخ,بليا,بمعجمتين,22,21,18,Genealogy back to Noah - with spellings of names in half of the phrase
247,البين,للنوي,طلح,سفوح,طليح,المشت,مهامه,فنحت,واسراب,افراخي,22,22,21,
248,معين,حديثه,بشي,باس,اعمي,ليس,المروذي,دراج,بثقه,بالقوي,22,22,15,
249,موتهما,ادخلا,لهما,الرسولين,يغن,الداخلين,يغنيا,عداوتهم,مثلا,العلاق,22,21,21,
250,التوب,وقابل,غافر,العقاب,الذنب,الطول,يغررك,تقلبهم,يجادل,المصير,22,22,21,
251,مصرف,غنم,والسري,العيزار,مسروق,لعمر,نصاري,ثعلب,والوليد,يذكرون,22,22,19,
252,صحيح,القطان,اخبرنا,اسناده,بالرقه,حبيب,حدثنا,شرط,الصحيحه,للممن,22,22,10,
253,الخاسرين,ظلمنا,تغفر,ربنا,انفسنا,وقول,وترحمنا,لنكونن,اسالك,لي,22,22,13,
254,صلب,صلبه,يلتقيا,اخرجني,ينقلني,النور,ابوي,وقذف,الاصلاب,وجعلني,21,21,20,
255,ولمن,ممنا,مسجدي,دخل,ولوالدي,بيتي,شمخا,بتطهيره,اغفر,بينه,21,21,18,
256,وانزلنا,الميزان,يزنوا,بالميزان,والميزان,فدفعه,بالقسط,ليقوم,العدل,الحديد,21,21,20,
257,اقلعي,ابلعي,ماك,الموج,سما,وغيض,وحال,رحم,وقضي,المغرقين,21,21,21,
258,وطبقه,الدواب,اغمز,وخنزيره,الروث,خنزير,الفار,ذراع,فاقبلا,ذنب,21,20,20,
259,مثلنا,كمثل,حطه,الرحبه,وفضه,ذهبا,مل,الامه,وبنا,الامي,21,19,16,
260,الولا,يعفو,اعتق,المعتق,يقطع,نصرانيا,نقضا,باسلام,للامام,صنعوا,21,19,4,
261,فضال,اعرضوا,بفقه,واشتغلوا,عصمه,عكرمه,اين,القران,حسبه,مريم,21,20,20,
262,معزل,موج,تجري,كالجبال,اركب,معنا,ونادي,بهم,مسامير,رحيم,21,21,18,
263,اقول,تزدري,اعينكم,يتيهم,ياتيكم,بمعجزين,تعدنا,جدالنا,فاتنا,جادلتنا,21,21,20,
264,بحفظك,ودعنا,وفلان,فلان,يرفعه,حدثت,بسطام,عمرت,احب,سكت,20,20,19,
265,زويله,الان,مسجد,سوق,بسام,القوس,البلاط,السراجين,المسجد,القبلي,20,19,12,
266,اهلكوا,اطرافهم,اوساطهم,ويخوضون,تباب,اعداهم,تاتي,بالصيحه,لامه,وقول,20,20,18,
267,صلب,صلبه,يلتق,سفاح,ينقلني,كنت,الطاهره,الاصلاب,الارحام,وركبت,20,20,18,
268,فبما,تزاد,خطياتهم,غلام,نقضهم,زد,وبعد,نحو,مما,تعق,20,19,15,
269,وحدثنا,عروبه,مسرور,حدثنا,المثني,والفم,وحدثني,للسان,قالا,زريع,20,13,6,
270,الهديل,هديلا,فرخ,تبكي,حمامه,الحمام,جوارح,والهديل,عهد,اتبكي,20,20,19,Biblical story of Noah - non-tafsir - the dove
271,يكذبوك,الامور,فامليت,معطله,نكير,وكذب,ظالمه,وقوم,اخذتهم,فكاين,20,19,18,
272,لمبتلين,كنا,ببلا,مختبرين,مصيبين,لننظر,لايات,انشانا,الشان,يعتبر,20,20,20,
273,ومحمد,وعمر,حدث,الديباجي,واحمد,روي,الشافعي,حفص,وحدث,البجلي,20,20,6,
274,جاهد,مثلا,والمنافقين,واغلظ,للذين,وماواهم,اتمم,وبس,نورنا,يغنيا,20,20,19,
275,وقولوا,الخاسرين,تغفر,وترحمنا,تزكي,لنكونن,وترحمني,اكن,ظلمنا,انفسنا,19,19,18,
276,يعصمني,رحم,ساوي,يمنعني,جبل,اليوم,مانع,عاصم,امر,الما,19,19,18,
277,البيوت,وضع,بيت,للناس,ولكنه,وهدي,بينات,مباركا,ببكه,دخله,19,18,18,
278,ادخل,الحمار,بذنبه,ابليس,حمل,الشيطان,واخر,رجلاه,دخل,ملعون,19,18,17,
279,وقيصر,قيس,كسري,اخيه,كتب,انس,وال,نصر,قتاده,الجهضمي,19,16,16,
280,بابان,وجدت,الدنيا,كرجل,عمرا,ولذتها,اطول,وخرجت,كيف,الموت,19,18,18,
281,صفرا,لونها,فاقع,ثنا,شديده,السواد,ياب,مصلح,فسره,سودا,19,17,7,
282,الفغوا,دعاني,الخزاعي,حدثنيه,سعد,المدب,معمر,عمرو,يزيد,سيار,19,19,18,
283,المحكم,والمتشابه,نفسي,قصصهم,لوازمه,تستحق,مبتدا,والخبر,موضع,وقصه,19,16,15,
284,سنه,خمسين,عاما,والف,وخمسماه,الالف,عاش,الفي,ثلاثماه,ثمانماه,19,19,19,
285,وعشرون,اختلافها,مكيه,ايات,الكوفي,والمكي,والشامي,وتسع,وثلاثون,ايه,19,19,13,
286,العرس,رخص,والبكا,الغنا,وقرظه,الميت,وثابت,وعندهم,وانتم,عرس,19,19,19,
287,غريبه,لايات,يحصل,مقدما,تلاوتها,فيتحقق,والاروا,ارواه,لحالهما,حاله,19,19,15,
288,اجل,الاجل,مسمي,امنوا,عمرهم,ويخركم,يخركم,يخر,بقوا,بامتناع,19,19,19,
289,لبيان,وقدم,بشريعه,معجزته,دخولهم,افضلهم,الانبيا,زبرا,ازبره,تبكيت,19,19,16,
290,تكفروا,لشديد,تاذن,كفرتم,تدعوننا,كفرنا,لغني,ارسلتم,مريب,افواههم,19,19,18,
291,القرنين,اليوناني,توارثوا,الاعاجم,مرزبان,اسمه,الاسكندريه,ذا,يونان,يسوق,18,18,18,
292,الوحي,بد,اوحينا,والنبيين,وقول,كيف,اليك,الحميدي,باب,جل,18,13,16,
293,الشرك,القبور,شرك,تماثيلهم,صوروا,قبور,تعظيم,المسلمين,الاصنام,اسباب,18,18,12,
294,الغيب,نوحيها,انبا,تعلمها,تلك,اليك,للمتقين,قومك,العاقبه,كنت,18,18,16,
295,فيدلهم,فياتون,ياتون,يشفع,فيقول,ربنا,ادلكم,وكلمه,فياتونه,الامي,18,18,18,
296,ثم,الياس,ادريس,اليسع,يعقوب,بعث,وهارون,شعيب,الكلبي,لوط,18,18,8,Noah and prophetic genealogy
297,واتخذ,الكوفه,وقدس,تقديسا,مسجد,فدفنه,فبلعت,الغري,ففيها,مسجدها,18,17,14,
298,ووصيه,مبدا,الدور,وصيه,لشعبتين,عليهالسلام,البشر,الاسامي,القدسيه,لظهور,18,18,17,Noah and prophetic genealogy
299,لهلكنا,وادمي,رباعيتك,ظهرك,وكسرت,فابيت,اخرنا,فلقد,وجهك,وامي,18,18,17,
300,نراك,اراذلنا,اتبعك,بشرا,مثلنا,بادي,الذين,الراي,نظنكم,الملا,18,18,16,
301,يثرب,قانيه,ارم,نزلها,عبيل,سميت,وطابه,مهلايل,التفرق,سكنها,18,18,14,
302,عاد,عوص,اخاهم,هودا,رباح,الخلود,ارم,وارسلنا,سام,النسب,18,18,17,
303,الجدود,ابواه,جبينه,بريق,الخدود,مسح,فله,الجصاصون,خرجوا,عليا,18,18,17,
304,لايه,اغرقنا,اكثرهم,معه,الباقين,ممنين,المشحون,فنجيناه,لعبره,فجميعهم,18,18,13,
305,ونزلنا,فانبتنا,نضيد,والنخل,الحصيد,باسقات,واحيينا,وحب,رزقا,واصحاب,18,18,17,
306,تذرن,الهتكم,كبارا,اصنامكم,مكرا,ومكرهم,احتيالهم,ودا,مكرهم,وقالوا,18,17,16,
307,زمزم,وقبورهم,والحجر,لحق,وصالح,سابط,وشعيب,وهود,هلكت,يموتوا,18,17,15,
308,قبر,القبور,قبور,القبر,وقبر,تزورها,المضافه,لبنان,بمسجد,المشاهد,17,17,9,
309,وفارس,وولد,والروم,وياجوج,فولد,المسيب,والصقالبه,وماجوج,وحام,ثلاثه,17,16,14,
310,العزم,اولوا,اولو,وابراهيم,صبر,وموسي,رابعهم,وهود,فاصبر,الرسل,17,17,17,
311,واللحمه,والحرمه,قطيعه,معصيه,وخروجه,الولايه,لمفارقته,المخلوع,فرق,لاحد,17,17,17,
312,انشدني,الشيرازي,تاليف,المتوفي,السوسنجردي,الفارسي,روزبه,واربعماه,الفحام,نصر,17,16,14,
313,انذره,لانذركموه,فاثني,يقله,واخبرني,باعور,قولا,اخبره,تعلموا,اعور,17,17,17,
314,رويته,عمير,والحميري,هاشم,فقد,ومحمد,جميعا,الصفار,ورويته,وايوب,17,16,6,
315,الغوط,غاط,راز,ينابيع,غوط,عمق,الغاصه,وانسدت,حاض,الابعد,17,17,14,
316,انصح,يغويكم,نصحي,ينفعكم,خلافكم,علمتنا,اردت,هدانا,لنهتدي,يريد,17,17,16,
317,وال,المرفوعه,الهاديه,والصفوه,والسلاله,والال,سميع,عليم,كالسما,اصطفي,17,17,16,
318,الشهر,يزعم,كوه,لسبع,فرجعت,مضت,فبسط,لينظر,للحمامه,فاخذها,17,17,12,
319,ايمان,كسرت,مدروس,تدرسون,للمدروس,وتخير,بالغه,التوكيد,ضمنته,وحلفت,17,17,16,
320,ساروا,ناله,القافلاي,البصره,حدثنا,الاجلح,هيجني,الاصبهاني,المحدثه,البجلي,17,16,15,
321,ملوي,معيقيب,خاتم,فضه,حديد,اياس,ربيعه,فربما,المعيقيب,جده,17,17,16,
322,الاجود,سويد,العباداني,اجود,اخبركم,ذكوان,عبدي,اخيه,الشامي,العزيز,17,17,10,
323,تقربكم,تقرب,يقربكم,قرضا,والزلفه,ينفقها,زيدا,استثنا,والزلفي,القري,17,16,16,
324,قفينا,بعيسي,فاسقون,برسلنا,وقفينا,اثارهم,اتبعنا,وكثير,واتيناه,الانجيل,17,17,17,
325,تسمعون,كربلا,اخبرك,سمعتهم,تلقي,لرجل,اشراف,مسح,جناب,اتيت,17,17,17,
326,فارخوا,مبعث,ارخ,هبوط,هبط,وانتشر,التاريخ,ارخوا,بنوه,يزل,17,16,14,
327,قص,يسبقه,الكرب,ابتلا,التبليغ,نجاه,اذي,وقومه,والابلاع,اقوام,17,17,15,
328,ظلما,اخاف,للعباد,الاحزاب,داب,فرعون,ليعذبهم,ولهذا,يستغفرون,عاقب,16,16,11,
329,برج,اولاد,اسللبهوس,بصتح,سكان,ونظرا,القبال,يفد,صفوه,العرب,16,15,11,
330,ولدها,ارضعت,اتزوج,ولدي,يجوز,فكتب,بعض,امراه,هل,يحل,16,16,12,
331,بخلاقهم,وخضتم,واولادا,فاستمتعتم,استمتع,بخلاقكم,فاستمتعوا,خاضوا,حبطت,الخاسرون,16,16,16,
332,واوصي,بره,عثامر,محوق,مجلث,شبان,ودفعها,الي,ناحور,برغيثاشا,16,16,15,
333,ابان,سمعت,الغنوي,درهم,الوراق,السجستاني,ظهير,ثقه,يقول,كذاب,16,15,12,
334,وارث,عليك,يا,كليم,صفوه,السلام,ظلمات,خليل,روح,عمود,16,16,7,
335,تحفه,حديث,كلاهما,الحديث,عنه,به,وليمتين,خبز,النبي,الكبري,16,15,3,
336,الطحاوي,واخرون,ويحيي,المصري,وعباس,شيبه,حنبل,وعلي,وعبد,واخرين,16,16,5,
337,الاخرين,الصافات,شيعته,لابراهيم,نجزي,المحسنين,وتركنا,العالمين,سلام,اغرقنا,16,15,15,
338,اولياكم,تفعلوا,والمهاجرين,مسطورا,معروفا,واعد,امهاتهم,صدقهم,ببعض,الارحام,16,16,15,
339,يكذبوك,وقوم,وكذب,مدين,الامور,واصحاب,فقد,كذبت,قبلهم,لوط,16,16,16,
340,ونهوا,وامروا,لقوي,واتوا,مكناهم,فامليت,نكير,اخذتهم,اقاموا,بالمعروف,16,16,15,
341,فدمرناهم,كذبوا,الفرقان,تدميرا,اذهبا,فكذبوهما,اهلاكا,اغرقناهم,واعتدنا,وجعلناهم,16,16,16,
342,ضمنا,قصه,هنا,القصتين,الفلك,تقدم,السوره,بالواو,مرات,الواو,16,16,11,Discussion of Noah in works of Tafsir
343,تركوا,معبود,تركوهم,يعرفه,للحق,ويجهله,الحق,وجها,جهلوا,تذرن,16,16,10,
344,مصرين,بقوا,وثمود,للسامع,تواعدوا,وازدجار,وشرحنا,واشكالهم,والمجرمين,كيف,16,16,11,
345,بسم,اجراها,وارساها,ومرساها,مجراها,تجري,اراد,اركبوا,ترسو,فجرت,16,16,16,
346,اوحينا,اليك,والنبيين,النبيون,انزلنا,وصي,اقتده,فبهداهم,اتبع,شرع,16,16,16,
347,البقاع,ولايتنا,ويقوم,يصوم,افضل,والمقام,الركن,ينفعه,النهار,لقي,15,15,13,
348,حدثك,منقطعا,لمالك,يحدثك,الشافعي,اسنادا,اذهب,اسلم,زيد,ابوك,15,13,12,
349,قميصا,دراهم,باربعه,بثمانيه,اشتريت,وتصدقت,تتقي,شعبه,ويحك,تلبس,15,15,15,
350,ارحل,لاسمع,اخبرنا,فاول,اجده,افتقد,مسيره,يقيمها,العاليه,صلاته,15,15,11,
351,از,در,این,کوه,بنشست,را,است,وادی,کردند,همه,15,15,5,
352,فليقض,بيننا,هناكم,يهمني,لست,اتوا,اشفع,فياتون,فيقولون,فيقول,15,15,12,
353,جهما,تجالس,ترمذ,جاته,فاظنني,فدخلت,سمعت,حنيفه,ابا,يعلي,15,14,13,
354,نفسي,يغضب,اذهبوا,مثله,فعصيته,نهاني,غضب,غضبا,سماك,اشفع,15,15,15,
355,وال,اللهم,مجيد,صل,سلمت,مننت,وباركت,انك,حميد,كافضل,15,15,10,
356,الشهر,يوما,ليال,السابع,لعشر,وتجعل,تابوتا,واستقرت,الما,الارض,15,13,14,
357,الجبال,انبياي,المقطم,وفاكهه,مكلم,ينزله,المقوقس,اشجارا,فسمت,كلم,15,13,13,
358,امراه,واسم,والهه,لوط,وكناهم,عاشه,واعله,خيانه,بغضا,الصنعه,15,15,15,
359,حبس,فهلكت,واعقم,وبنين,المطر,نساهم,مدرارا,ويمددكم,باموال,زمانا,15,15,15,
360,القطيعي,وسعدويه,التمار,وابن,الفرخان,العمري,وقتيبه,ومحمد,الرقه,والذيال,15,14,15,
361,نمرود,يهوذا,الاكراد,الاحداث,فرص,يتجلجل,كالحظيره,ومحا,حبسوه,واقتسامهم,15,15,11,
362,اذهب,اخيك,عمك,فقرات,الفراض,الخريبي,حفظت,فتعلم,فتحفظ,تعلمت,15,14,13,
363,الحمامي,البقال,اميه,السمرقندي,انا,انبانا,اخبرنا,القاسم,الفضل,حبيب,15,15,2,
364,الهجا,مذكور,الخمس,راس,اختلافهم,الالف,بحذف,وهجاه,رسم,بالف,15,14,4,
365,البقره,وق,عمران,ال,التوبه,الاعراف,الانعام,الواقعه,الجاثيه,الفاتحه,15,14,3,All one text except one
366,مره,مرات,واعطي,وعلي,حرفا,احرف,اثنتي,حرفين,ونزل,اربعه,15,13,13,
367,شكرا,فصامه,واحق,بصوم,بموسي,احق,صاموا,وغرق,استوت,نجي,14,14,13,Hadith related to Ashura - Moses and Noah prayed to thank God
368,يدفع,الزهد,واخرج,خلت,كرامات,الاوليا,بسند,والخلال,سبعه,فصاعدا,14,12,8,
369,الاخرين,تركنا,الثنا,العالمين,سلام,ابقينا,وتركنا,الذكر,الجميل,يذكره,14,12,11,
370,نجوي,رابعهم,حيان,وعلمه,بكير,مقاتل,معروف,ميمون,معهم,العرش,14,13,11,
371,ومات,حيان,ابوك,تموت,خليفه,هرم,وماتت,ويوشك,نجي,حوا,14,14,14,
372,هبه,الحلاج,كلثوم,العزاقر,بنت,الكاتب,العمري,النميري,الحسين,نصير,14,14,3,
373,وحام,ويافث,وياجوج,وفارس,فسام,السودان,والروم,الترك,وتركنا,وماجوج,14,14,14,
374,وكيع,شيبه,والوهم,غلاب,شاهده,معلي,زرعه,يكذبه,فالتفت,نشيط,14,13,13,
375,مقبره,حش,حصن,دير,فيعيونالتواريخ,نوشجان,ميدان,قريه,النهروان,نهر,14,14,10,
376,تذينا,ظهرت,ليلي,وبعهد,بعهد,المسكن,نسالك,فاقتلوها,عادت,الحيه,14,14,14,
377,كمال,اصيبت,لانفس,اشيم,اجساد,ياتيني,حمدويه,سدير,حنان,القوسين,14,14,9,
378,الفطحل,كطين,والصخر,مبتل,زمن,الوحل,الحسل,رهين,عمرت,رطبه,14,14,13,
379,شبرمه,تداركها,كادت,حالق,دراج,تزل,يصب,لولا,قدم,ردوا,14,12,8,
380,بحفيظ,تكلفت,باعمال,بنفسك,تكلفه,لعمري,علمي,يعملون,احدهم,ادري,14,14,14,
381,فيذكر,فيطلب,ذنبا,بصاحب,فيتي,ونفخ,ويقول,روحه,قبلا,وكلمه,14,14,13,
382,صام,يصوموا,فاستانف,رجب,مناد,فصام,العمل,بدلت,زاده,اعطاه,14,14,12,
383,فعلنا,السراع,الخبب,فتعاطي,فعقرها,كحظار,محترق,المحتظر,النسلان,المرح,14,14,12,
384,كتاب,بكتبه,فصاعدا,الامامه,اصحابنا,الحسين,احمد,جعفر,خالد,العباس,14,13,5,
385,يخشي,ير,فاصبح,المناديا,راضيا,بطيبه,مسرورا,يقص,عونا,والفي,14,14,13,
386,الدين,شمس,وكمال,وتقي,موقرا,الجلاله,المنوفي,بالرواحيه,تفقه,تدريس,14,14,13,
387,نجزي,وتركنا,معك,المحسنين,الاخرين,الصافات,الجميل,سلام,وبشرناه,امم,14,14,14,
388,تري,بلغنا,يغضب,اذهبوا,ونهاني,نحن,نفسي,تشفع,وسماك,مثله,14,14,14,
389,الغلصمه,ونوقد,شرحه,الجم,للجرذ,شمه,كونك,الفاق,ور,الرماح,13,13,11,
390,بهم,اليهود,والنصاري,قبلهم,سيدخل,فاتبعوهم,وقاع,بكذا,الامم,الذين,13,13,9,
391,رموز,الكمال,تهذيب,حجر,لينتفع,ترجمتها,بذكرها,مختصره,زادا,اكتفا,13,9,1,
392,افترض,الصلوات,قيس,كم,عباده,خمس,قتاده,انس,اخيه,الجهضمي,13,13,11,
393,الاعتصام,بالسنه,نجاه,ركبها,السنه,علمانا,يقولون,الصراط,تخلف,نجا,13,13,7,Hadith - popular with Shi'i authors? - comparing ahl bayt to Noah's ark - Ibn Taymiyya's discussion of in 6 of his texts
394,والاجسام,الاعراض,محدثه,وطريقه,مقالات,الفلاسفه,بالاثر,احدث,بدعه,واياك,13,13,12,
395,شهدا,الاختلاف,رسلهم,لتكونوا,واعتزلوا,وقوم,بلغتهم,وايتا,وانهم,وعبادته,13,13,11,
396,لرحم,اخبرته,الصبي,فعظمت,مكث,اخبره,رحم,زوج,عاشه,غرس,13,13,12,
397,والكبار,وصري,اشد,وجميل,وكبارا,وكبار,طوره,كذا,الخطيه,والقطيعه,13,13,12,
398,اول,الثمانين,سوق,فبني,فغرق,الاسلام,بقي,فسميت,فاخر,قابيل,13,12,11,
399,الياس,ذريه,ادريس,ذريته,والياس,هدينا,الانعام,ونوحا,والصحيح,اسمان,13,13,11,
400,ادلك,غرت,عاشه,يدخلن,قدمت,منفعته,قالت,جسدي,وتدبر,النبي,13,13,12,
401,سبلا,لتسلكوا,فجاجا,واتبعوا,طرقا,يزده,عصوني,بساطا,خسارا,ماله,13,13,13,
402,نطفه,الصلب,تركب,السفين,ينتقل,صلبه,صلب,تنقل,يريد,صالب,13,13,13,
403,ومجلس,حنيفه,لاقاويل,شبرمه,ومقاتل,مجالس,الجامع,قاضي,ليلي,جامعا,13,13,12,
404,ميثاقه,بمحمد,لدن,ليمنن,اخذ,السدي,يبعث,ولينصرنه,احيا,يمنوا,13,13,13,
405,وتاتي,مناديه,نوحه,مسوح,يساعده,فيجلس,المحاريب,ليف,حشوها,فرش,13,13,13,
406,بفتح,وسكون,بضم,المهمله,القاف,مهمله,حثمه,قارظ,الموحده,نهيك,13,13,8,
407,الحجاج,نقشت,نقش,كفاك,كفاه,قيامتكم,حيا,سلمت,قاضيكم,دراج,13,13,12,
408,شماس,جات,فقالت,حازم,المخرمي,ثابت,اطيقه,عكرمه,فتردين,حديقته,13,13,13,
409,وقدر,غيبته,لصاحب,شابا,مد,ادارها,ابطاه,اكشف,ادار,بقدر,13,12,7,
410,طوفوا,واعرضوه,وخله,واعطوه,روحاني,وزهد,وصوت,ولسان,وبشري,والانس,13,12,13,
411,كنوز,وصبر,قارون,يحتاج,مواعيدهم,والحوب,لمكروب,الفسوق,والاكاذيب,راجي,13,12,12,
412,مصلي,وبصلب,بكوفان,حيزوم,متجنب,تاثل,وصدر,ممر,رحب,غرب,13,12,12,
413,نمرود,ارفخشذ,نمروذ,فالغ,كوش,تارح,شالخ,كنعان,ارغو,قينان,13,13,10,Genealogy back to Noah
414,غدوا,القبر,وعشيا,يعرضون,تقوم,فرعون,ادخلوا,ال,نارا,اغرقوا,13,13,11,
415,اوحينا,والنبيين,اوحي,اليك,المتلو,بعده,توافقنا,النسا,وحي,فضاحهم,13,12,12,
416,تصلي,الجوزا,حسنا,علمنا,فيرمون,فيقذفونه,ذق,احسن,ويتيم,خلف,13,13,13,
417,جاحد,والنكران,تعطيلان,ذان,امكان,الاقسام,بذي,الوصي,وثاني,صحيد,12,12,10,
418,خياطا,حراثا,راعيا,زرادا,وكان,نجارا,نبيا,زراعا,خواصا,بزازا,12,12,11,
419,فابو,ذريته,وحام,ويافث,الباقين,جميع,وجعلنا,كلهم,نسله,سيولد,12,12,12,
420,اعذر,مغلوبا,اسوه,قلتم,نازع,ينازع,فانتصر,مغلوب,اولهم,وعاشه,12,11,12,
421,نهنهت,لابت,تتابعا,ندماناك,ويله,خلسه,مالكت,بعوص,فسرك,الازد,12,12,10,
422,بمجاديح,استغفروا,استسقيت,غفارا,ربكم,طلبت,المطر,مدرارا,السما,يرسل,12,12,12,
423,واثنتا,العدم,الباب,فصل,ابرهيم,وتوحيد,اقتسام,عباده,ازر,لدعوته,12,11,11,
424,ظننت,ثنا,ينفتل,شعبه,رايت,مره,المتفرقين,يستجاب,صلاه,الالحان,12,11,8,
425,راحلته,مثني,يستلم,بمحجنه,قرعناه,الكنود,بالعصا,جحيفه,ببراه,نقدر,12,11,12,
426,افضلهم,ومنك,وموسي,وعيسي,النبيين,ميثاقهم,اخذنا,وابراهيم,التخصيص,ميثاق,12,12,11,
427,صنم,والود,ود,الوتد,لقوم,لقريش,ودا,بالضم,سمي,التا,12,12,11,
428,العاقبه,للمتقين,فاصبر,قومك,اخاهم,والغلبه,صبر,والنصر,واذي,الرساله,12,12,12,
429,وبمنزله,شمعون,مني,وصيي,بمنزله,وخلافتك,وصيتك,وخليفتي,انت,جحد,12,11,7,
430,كلامي,سيدركه,قلوبنا,راني,انذركموه,لعله,مثلها,الدجال,انذر,واني,12,12,11,
431,صوت,حمار,ذكا,لعدم,نحو,الحمام,صوته,جمله,ونحو,صاحبه,12,12,12,Biblical story of Noah - lots of commentaries 
432,دمها,كفل,مثقله,يرخص,تقتل,حملها,وازره,تدع,تزر,وزر,12,12,12,
433,مجمل,ويديه,مفصل,فغسل,ورجليه,الترتيب,ومسح,فعمرو,التعقيب,عطف,12,12,12,
434,عسفان,يحجون,الليف,بكرات,وادي,وارديتهم,العبا,حمر,النمار,العتيق,12,12,10,
435,تذرن,يعيدكم,ويخرجكم,وجعل,اخراجا,لتسلكوا,بساطا,خسارا,يزده,ومكروا,12,12,11,
436,بغرقه,باعيننا,واصنع,تخاطبني,تحزن,ديارا,قضانا,ظلموا,تبتس,تذر,12,12,11,
437,التراب,شاب,الكثيب,كثيب,اتدرون,فانطلق,كفا,ينفض,تراب,بعصاه,12,12,12,
438,يدفنوه,يذهبوا,انيس,وحشه,هبطتم,جسده,فابعثوا,فغرقت,المغاره,وادفنوني,11,11,10,
439,يطع,ويتقه,ويخش,الفازون,ورسوله,واطيعون,والتقوي,فاولك,واتقوه,وحده,11,11,7,
440,يحنث,حلف,لحما,البساط,بساطا,الشمس,سراجا,فجلس,يجلس,شحما,11,11,8,
441,ارميا,بيافث,ونبذ,مهلك,الرماد,ثيابه,وبكي,وانزع,المظلم,صاح,11,11,10,
442,ويدعي,ولاخر,يرون,والمتوكل,ونشكره,ونشهد,نحمده,انت,وتنصل,الشعبذه,11,11,11,
443,جز,الايه,التيسير,البقره,الكهف,ال,عمران,انظر,الفجر,الدخان,11,10,1,
444,فيقول,اجبتم,والاخرين,فيقولون,الرهط,ماذا,نصحنا,فانتسخه,تقولون,لقوم,11,8,8,
445,فدرج,لاي,القاتل,فهلك,المقتول,لواحد,نسله,نسل,النسل,والناس,11,11,10,
446,ونحن,فصيد,والندامه,محبنا,تنبيك,حققها,الشطان,بالحسره,علك,يكي,11,11,8,Biblical story
447,اسامه,واقبل,نفيل,البصري,زيد,الترجماني,بشر,الحراني,الوليد,حيان,11,10,9,
448,فصام,عاشورا,ومرت,شكرا,رجب,فصاموا,وجرت,فطافت,اشهر,سبعا,11,11,10,
449,تزد,كثيرا,عصوني,اضللن,انهن,العقلا,اضلوا,النابه,معامله,اضل,11,11,11,
450,وانظروا,المفسدين,فاصبروا,قريبي,افسد,فكثركم,والنما,المتفكه,بالذي,ارسلت,11,11,11,
451,تنور,فبدت,عصفت,سلني,فضحك,خفت,نقش,هبط,عورته,يغر,11,10,10,
452,افتراه,افتريته,اجرامي,يقولون,ترجعون,تجرمون,فعلي,بري,افتري,واليه,11,11,11,
453,ونهانا,كفي,اترون,وضعتها,كف,فاشهد,بسر,عرق,وسمعته,السبت,11,11,11,
454,فعاملك,عاملته,احصي,السواحل,تحب,اذكر,فقلت,فخذلك,كربك,المطروحين,11,11,9,
455,بالتا,ووقف,بالها,يقفون,والكساي,امراه,لرسم,المصحف,وامراه,اتباعا,11,11,10,
456,فيوقف,الطاحي,بالموت,يتي,املح,خالد,والنار,كبش,قيس,فيذبح,11,11,11,
457,اجل,مسمي,ويخركم,يغفر,ذنوبكم,واتقوه,واطيعون,اطعتم,اجلا,يخركم,11,11,9,
458,اسف,راهق,صالح,ارم,ثمود,عاد,الحلم,عبيد,حافيا,عابر,11,11,9,
459,المعتصم,مشايخنا,عاقلا,لثبات,بيتك,فتعجبوا,شجاعا,سمعت,اشجع,يذكرون,11,11,9,
460,الشيخ,شيخه,النوحي,السالات,وتقدم,جحوش,ولايتي,جحي,الخفاجي,التعريف,11,11,7,
461,معاذه,العدويه,امنت,الصديق,الاكبر,منبر,فاطمه,يخطب,قالت,البصره,11,11,10,
462,ذنوبكم,يغفر,خطاب,اجيبوا,داعي,تنجيكم,ادلكم,تجاره,وامنوا,قومنا,10,10,10,
463,كذب,عصوا,ستفوزون,بعظيم,واجزل,مرتكبهم,ترتكبوا,والطف,تكذيبها,الامم,10,10,7,
464,الفان,بعضها,شايعه,المشايعه,متشعبه,الذر,ومصابره,التصلب,واربعون,نبيان,10,10,9,
465,تبكيتا,الايمان,هاديا,الرشد,وتوقف,فبنفس,تباطا,كونهم,الجن,واقبل,10,10,10,
466,الطلا,كالرمانه,اللاحه,القصور,يغرس,العمران,يلتمسهما,حبلتان,وتبني,تخرب,10,10,8,
467,بالوصيد,باسط,ذراعيه,يضر,ابنه,وكلبهم,الكلب,ونادي,العقرب,لعمر,10,10,9,
468,واثمن,كنع,كوشي,ويقولون,بالضم,الش,الحصيف,الكوذين,الكذينق,لقماش,10,10,6,
469,بسبت,الجلدا,قامتا,يلعج,تجاوب,الهذلي,اليما,الجلد,ضربا,الساكن,10,10,9,
470,المامون,حنبل,الرقه,اقيادهما,الخلافه,مقيدين,المعتصم,المتوكل,بغداد,ليحدث,10,10,9,
