Topic,t0,t1,t2,t3,t4,t5,t6,t7,t8,t9,Count,msCount,uriCount
-1,حدثنا,عن,في,بن,قال,من,عليه,نوح,علي,الله,18670,4886,2348
0,الدوله,الامير,خراسان,بخاري,منصور,وثلاثماه,سبكتكين,اسد,سامان,وفيها,735,518,123
1,الحمام,البحر,الهوي,اذا,فوق,بها,قد,لو,قارون,حمام,710,491,313
2,هارون,النعمان,ابو,بن,بنت,عبد,نصر,هاشم,نوفل,محمد,390,311,193
3,سوره,انظر,الايه,عربي,الكتب,ايه,الكريم,ديوانه,القران,الصفحه,365,332,164
4,بيتي,تخلف,نجا,ركبها,عنها,غرق,مثل,فيكم,سفينه,ذر,351,260,170
5,طريق,رواه,اخرجه,ورواه,حديث,رقم,الحديث,هريره,الدارقطني,واخرجه,327,300,120
6,السفينه,الجودي,ابليس,الحمامه,الغراب,الحمار,ادخل,الما,فاوحي,الشيطان,309,247,124
7,ثنا,ثني,كريب,مجاهد,نجيح,حدثنا,حدثني,ورقا,الضحاك,قال,288,230,39
8,وابي,الغافقي,القراات,بلنسيه,البلنسي,وتوفي,وابا,سعاده,واجاز,واجب,271,226,48
9,روي,يروي,عنه,سمع,قيس,سمعت,الحداني,ابي,الطاحي,الرحمن,245,224,32
10,نباتا,انبتكم,مصدر,المصدر,منصوب,ويجوز,يكون,حذف,كقوله,معطوف,245,232,81
11,وعبد,وابي,ومحمد,وابو,ويحيي,وسالم,وعلي,وسعيد,وعثمان,وروح,239,232,32
12,الصالح,ادريس,اوتيه,نبي,مرحبا,ادم,نبيا,جد,بعثه,خاصه,226,205,122
13,وعن,ثنا,كلاهما,حب,حديث,عه,به,عن,حم,الرزاق,219,201,19
14,الحمامي,البقال,انا,السمرقندي,اميه,اخبرنا,الفضل,القاسم,حبيب,انبانا,205,202,5
15,ايوب,صفوان,السلام,حمدويه,عن,جعفر,واله,ابي,شعيب,امير,185,165,48
16,عبدالله,ايوب,صفوان,الرجل,باس,غسل,عن,المراه,سالته,قلت,177,170,25
17,وعنه,البصري,وجماعه,وثقه,حبان,اياس,وابن,ثقه,يزيد,النساي,170,160,24
18,حدثنا,حدثني,ثنا,قال,نا,سمعت,عبدالله,رايت,عون,يقول,165,145,92
19,انوش,ناحور,قينان,شيث,متوشلخ,ازر,اخنوخ,تارح,شالخ,لمك,165,117,111
20,اهلي,وعدك,ابني,الحاكمين,احكم,اهلك,عمل,ليس,وانت,الحق,152,134,98
21,مثاكيل,صيابه,النوب,ومستشحجات,الرمه,كانها,بالفراق,فنح,اذا,ويقال,143,140,38
22,النسبه,اخرها,وسكون,المعجمه,معجمه,بفتح,وفتح,فهو,السني,روي,139,136,18
23,ذريه,هدينا,ذريته,وزكريا,ونوحا,ويعقوب,وممن,وسليمان,وهارون,ويحيي,123,115,70
24,وراثه,ذلك,الانبيا,هذا,السلام,عليه,فان,تورث,معجزه,اختصت,117,113,93
25,والي,فلينظر,ينظر,حلمه,علمه,اراد,طالب,فهمه,زهده,بطشه,110,94,69
26,بكتابه,بطه,كتاب,اخبرنا,كوفي,حدثنا,حمزه,جعفر,ثقه,احمد,103,87,9
27,الصرف,الوسط,العجمه,الثلاثي,التانيث,نحو,ساكن,السببين,هند,وينث,102,91,64
28,ورسلا,اوحينا,والاسباط,واوحينا,زبورا,واتينا,نقصصهم,والنبيين,قصصناهم,ويونس,99,93,75
29,البكا,الميت,الصوت,ندب,يعذب,مباح,اهله,بالبكا,حرام,بدونه,98,96,65
30,مسجد,حبف,كي,ها,غو,مجموحه,الرب,سيرالوسياني,نيب,النصوص,97,86,56
31,وميكال,وجبريل,ورسله,ومنك,وملاكته,ميثاقهم,اخذنا,واذ,النبيين,العام,97,96,63
32,حدثنا,احمد,ثنا,محمد,انبانا,رسول,املا,اخبرنا,قال,الحافظ,95,92,47
33,الكلاع,فقال,نعم,وذمه,ذو,عيالي,ترضي,العاص,سيما,عندنا,94,83,54
34,بناها,مصر,مدينه,بيصر,قبطيم,مصرايم,حام,سميت,اشمون,السوس,91,89,47
35,جش,ثقه,جخ,كتاب,القمي,كوفي,اصحابنا,كش,النجاشي,مولي,90,77,26
36,وسكون,مدينه,مهمله,سميت,نهاوند,المهمله,نون,وهي,بلاد,اوله,90,87,35
37,يرو,تفرد,الحديث,نا,حرب,حدثنا,لم,الاسناد,هذا,الا,88,63,5
38,بشرع,متعبدا,شرع,بشريعه,وقيل,يتعبد,البعثه,فقيل,ثبت,اختلفوا,88,77,71
39,مكيه,وعشرون,يوعدون,ذله,بسم,الرحيم,ترهقهم,سوره,والخمسون,خاشعه,86,83,64
40,بفضال,جبريل,فضال,عمر,حسنات,حدثتك,لبث,نفدت,اتاني,حسنه,83,68,58
41,والكساي,والباقون,الواو,الباقون,نافع,وحمزه,قرا,بضم,عمرو,اللام,82,73,27
42,سنه,واربعون,الف,وبين,الاف,وماتا,الفا,خمسماه,وستون,واثنتان,82,66,54
43,فبعث,واحده,فاختلفوا,اختلفوا,امه,كفارا,الناس,النبيين,كانوا,مبعث,80,67,51
44,وكيع,رايت,سمعت,عيينه,ورايت,حنبل,الثوري,عيناي,ومعمرا,الخيف,79,75,36
45,معبد,المصري,واخرجه,الجماعه,صحاح,طريقين,شيخ,عن,الكوفي,طرق,77,77,12
46,افتراه,انهم,يقولون,حسابهم,يعملون,ادعوهم,علمي,اجرامي,افتري,افتريته,74,70,42
47,الشيخ,يخلف,زنغيل,خزر,ومنهم,وذكر,العلم,زكريا,النكار,وارجلان,74,67,18
48,اوحينا,اليك,والنبيين,الوحي,تكليما,تكليمه,حجاب,بعده,النسا,التكليم,73,71,51
49,ياجوج,وماجوج,الترك,يافث,السد,القرنين,قبيلتان,بالتراب,وهما,لكثرتهم,71,71,56
50,الجاريه,لنجعلها,تذكره,حملناكم,وتعيها,طغي,واعيه,اذن,اباكم,الما,70,65,54
51,صلي,وسلم,رسول,سالم,النبي,حدثنا,نضره,صيبا,اخبرنا,هامه,68,64,45
52,فاتقوا,واطيعون,اجري,اخوهم,اجر,تتقون,امين,اسالكم,اسلكم,المرسلين,68,67,57
53,السفن,ابنه,دابه,وعكرمه,وخلقنا,والضحاك,عباس,يركبون,جبير,ونادي,67,66,33
54,بالقدر,اقول,ولا,عذرا,القدر,يحتج,اعظم,عرف,لكان,خزان,67,63,32
55,النوحي,سمع,واربعماه,النسفي,نيسابور,البحيري,محمد,ولادته,النوقدي,وابي,67,65,22
56,بسم,اقلعي,تجري,ابلعي,اركبوا,الموج,ماك,وغيض,سما,اجراها,67,62,52
57,واذكروا,جعلكم,خلفا,لينذركم,جاكم,وزادكم,منكم,فاذكروا,اوعجبتم,بسطه,65,59,51
58,نا,الجنديسابوري,انا,القاسم,عثمان,الخلال,انبانا,النقور,الحسن,محمد,64,62,20
59,تحقيق,تاريخ,المتوفي,بيروت,دار,الازهار,الاباضيه,الكامل,القاهره,لابن,64,62,44
60,اخذنا,ميثاقهم,واذ,ميثاقا,غليظا,واخذنا,ومنك,النبيين,وموسي,وعيسي,63,61,62
61,فكانت,لهمدان,لكلب,لهذيل,بدومه,الجندل,ود,يغوث,سواع,يعوق,63,61,60
62,اوصيك,وانهاك,امرك,اخبركم,لابنه,كفه,بوصيه,باثنتين,ابنه,بامرين,61,56,43
63,حكايه,قصه,هود,الاعراف,الملا,العذاب,افلا,للتعظيم,القصه,للبيان,60,58,26
64,سبلا,يعيدكم,لتسلكوا,فجاجا,ويخرجكم,بساطا,اخراجا,وجعل,جعل,طرقا,58,51,46
65,يعمر,يمل,حوشبا,تر,نفعها,يبني,بقيله,وامر,امسي,لبني,58,58,46
66,البيت,ياقوته,الكعبه,يطاف,حوله,اغرق,فبناه,قواعده,المعمور,رفع,57,54,41
67,دعوتهم,ثيابهم,جهارا,اعلنت,واستكبروا,واسررت,استكبارا,يستغشون,اسرارا,واصروا,56,51,42
68,انذره,يقله,فاثني,باعور,ساقول,قولا,اعور,نبي,الدجال,تعلمون,56,56,45
69,ثمانيه,ونساهم,وبنوه,كانوا,ويافث,وحام,الثلاثه,امن,بنين,وثلاثه,56,52,41
70,وابكاني,بس,النادمين,المتوسم,ازل,واعوذ,المتلوم,اعاتبه,مسجده,وقطيعه,55,52,49
71,وممن,انعم,سجدا,خروا,وبكيا,تتلي,واسرايل,واجتبينا,ذريه,اولك,54,54,41
72,اجل,ذنوبكم,مسمي,يغفر,ويخركم,الاجل,يخر,امنوا,يخركم,واتقوه,53,53,41
73,السبعه,النطقا,دور,وسوسه,حرفا,سوسه,يوشع,الزيتون,الغرض,حروف,53,47,42
74,يغضب,نفسي,اذهبوا,مثله,تري,غضبا,نهاني,غضب,فعصيته,بلغنا,53,50,49
75,اعبدوا,واتقوه,ياتيهم,انذر,اليم,ارسلنا,لكم,قومك,عذاب,مبين,53,52,41
76,امركم,مقامي,واتل,وتذكيري,نذيقهم,فاجمعوا,يكفرون,بايات,غمه,كبر,52,51,51
77,يضلوا,تذرهم,يلدوا,فاجرا,عبادك,كفارا,انك,ديارا,الكافرين,تذر,52,51,46
78,اجرامي,واوحي,تجرمون,بري,تبتس,افتريته,فعلي,يفعلون,يمن,افتراه,52,49,44
79,عبدين,كانتا,مثلا,فخانتاهما,للذين,عبادنا,صالحين,ضرب,الداخلين,ادخلا,52,52,52
80,الرجا,ترجون,وقارا,تخافون,الخوف,يرجون,لله,عظمه,لقانا,يخافون,52,51,34
81,اخاف,التناد,تولون,مدبرين,للعباد,يضلل,ظلما,داب,اهديكم,الرشاد,51,48,46
82,بمكيال,الخزان,طغي,قطره,عتت,الريح,ريح,الما,ويوم,حملناكم,51,48,37
83,المشحون,ذريتهم,ذرياتهم,اباهم,وخلقنا,الابا,الفلك,الذريه,وايه,يركبون,51,50,45
84,كلامي,راني,فوصفه,انذركموه,سيدركه,لعله,الدجال,سراقه,واني,الجراح,50,46,42
85,فالتي,والنار,الجنه,انذركم,الدجال,يجي,اعور,احدثكم,انذر,واني,50,49,48
86,وللممنين,اغفر,ولوالدي,والممنات,ولمن,ممنا,لي,دخل,لذنبك,رب,50,50,42
87,النجاشي,عقده,رجال,التوثيق,الرقم,العباس,الخلاصه,ايوب,الفهرست,الظاهر,49,47,9
88,فقولوا,ليلي,العهد,انشدكن,رايتم,تذونا,عليكن,فاقتلوهن,مساكنكم,ظهرت,49,48,41
89,فيقال,اتانا,فيقول,هل,يدعي,بلغكم,بلغت,يشهد,نذير,فيقولون,48,45,47
90,التنور,تنور,يفور,الكوفه,فاركب,فار,نبع,الما,حجاره,اخبرته,48,43,36
91,رقم,والتعديل,الجرح,الصفحه,بنو,الرحمن,قبر,ومات,جبرايل,ولايه,47,47,35
92,قحطان,شالخ,عابر,يقطن,جرهم,سبا,يعرب,الهميسع,اليمن,ارفخشد,47,45,31
93,حنيفه,مسنده,ورواه,واخرجه,رضي,اخرجه,عن,ابي,البخاري,خسرو,47,47,5
94,تعدنا,فاكثرت,فاتنا,جدالنا,جادلتنا,ياتيكم,الصادقين,بمعجزين,بما,اقول,46,45,39
95,جاتهم,فردوا,افواههم,ياتكم,تدعوننا,كفرنا,ارسلتم,مريب,يعلمهم,رسلهم,46,45,39
96,خفي,انذره,والنبيون,فاطنب,يخفي,شانه,عليكم,امته,الوداع,الدجال,46,46,40
97,النشاه,كقوم,قريبي,فاصبروا,وهود,وانظروا,اي,افسد,فجعلكم,مقلين,46,46,20
98,فانك,ومثلك,مثلك,كمثل,واشدد,اطمس,الحكيم,تعذبهم,قلوبهم,اموالهم,45,43,42
99,ومنهم,خسفنا,اخذته,الصيحه,العنكبوت,اغرقنا,اتخذوا,ليظلمهم,يظلمون,قارون,45,45,43
100,الجاهلين,اعظك,تكونن,محالا,تسلن,لنوح,تكون,ليس,فلا,علم,45,43,35
101,الشام,سميت,شام,شاما,بسام,وسود,سمي,بالسريانيه,الكعبه,وشام,45,44,38
102,الطرسوسي,سمعت,الطباع,اخبرنا,نا,عيسي,جعفر,حمدان,الخصيب,البزاز,45,44,23
103,واخرج,وابن,المنذر,جرير,حاتم,حميد,رضي,الشيخ,الرزاق,اخرج,44,39,6
104,از,را,در,که,است,بود,این,تا,كه,بر,43,36,13
105,تفرد,حديث,غريب,الحديث,عنه,وتفرد,به,يروه,الزهري,سالم,43,42,2
106,سلام,الصافات,وتركنا,الاخرين,وهارون,ياسين,وسلام,ال,العالمين,المدعو,43,42,37
107,قبره,فخرج,راسه,شاب,احي,فدعا,فعاشت,الاعظم,اصلع,افدع,43,43,39
108,ذراع,ذراعا,وعرضها,طولها,وطولها,ثلاثين,وماتي,طول,ثلاثماه,ستماه,42,35,32
109,وارث,عليك,يا,صفوه,كليم,خليل,روح,السلام,ووارث,نبي,42,42,12
110,الكف,يجرمنكم,شقاقي,يصيبكم,ابدا,وشبك,قتلتموني,اصاب,تقتلوني,اصابعه,42,42,32
111,يمسي,عقرب,التامات,بكلمات,شر,تلدغه,اعوذ,قرا,السم,حين,42,40,34
112,اسرايل,وشعيب,واسماعيل,وهود,وصالح,واسحاق,ولوط,ويعقوب,وابراهيم,عشره,42,40,34
113,يصيبكم,اصاب,شقاقي,يجرمنكم,ببعيد,قوم,ويا,منكم,يحملنكم,ارجع,42,41,40
114,ارم,عاد,عوص,بعاد,العماد,الاولي,عادا,وارم,هاشم,قبيله,42,40,37
115,كفر,جزا,فعلنا,لمن,تركناها,باعيننا,تجري,وبهم,بمراي,ثوابا,42,41,36
116,الداع,وفجرنا,عيونا,ففتحنا,فالتقي,وازدجر,منهمر,فكذبوا,فانتصر,عبدنا,41,41,38
117,دين,النصاري,مهب,دينهم,صبا,الجنوب,قبلتهم,الصابون,يزعمون,اليهوديه,41,40,40
118,ثقه,وسالته,سالت,قلت,وسالت,فقال,باس,داود,ابان,ابا,41,35,23
119,سنه,خمسين,وخمسين,عاما,ثلاثماه,عاش,وخمسماه,الف,يدعوهم,والف,41,38,33
120,وعترتي,يردا,بيتي,الحوض,فيكم,يفترقا,تضلوا,ركبها,تمسكتم,نجا,40,32,34
121,الشفاعه,القيامه,الصراط,ثم,الشفعا,سيد,ياتوا,غفر,فيشفع,يذهبون,40,38,26
122,حرم,ولذريتك,تاكلوه,ماكلا,واطلقت,العشب,كنبات,خروجه,دابه,خلا,40,39,35
123,اعبدوا,واطيعون,يطع,واتقوه,والتقوي,ويتقه,ويخش,الفازون,ورسوله,العباده,40,39,17
124,الفطحل,الهديل,فرخ,هديلا,زمن,الحمام,الحسل,حمامه,كطين,الوحل,40,40,34
125,وقوم,ياتهم,وعاد,نبا,الم,وثمود,مدين,قبلهم,اهلكوا,الذين,39,39,23
126,شقاقي,ودود,يجرمنكم,واستغفروا,يصيبكم,ببعيد,انيب,استطعت,توبوا,توفيقي,39,39,38
127,ومحمد,وابو,وابا,واحمد,الجنديسابوري,وعبد,محمد,البغدادي,بكر,احمد,39,38,9
128,وكلا,كذبوا,واعتدنا,وقرونا,اذهبا,للظالمين,وزيرا,ضربنا,تبرنا,تتبيرا,39,37,39
129,يتيمم,يتوضا,حنيفه,يجوز,التمر,تعجيلها,وروي,وبه,والشافعي,يوسف,38,38,25
130,يغويكم,انصح,نصحي,ينفعكم,اردت,يشا,يريد,خلافكم,علمتنا,لنهتدي,38,37,35
131,الوفاه,وعنه,توفي,وجماعه,البغدادي,صاعد,مخلد,ومحمد,نزيل,وثقه,38,38,13
132,تذرن,ويعوق,سواعا,ودا,الاصنام,ونسرا,ويغوث,يغوث,الهتكم,اسما,38,35,34
133,ياتهم,اتتهم,والمتفكات,ليظلمهم,يظلمون,مدين,الم,نبا,رسلهم,بالبينات,37,37,35
134,المرجومين,لتكونن,تنته,كذبون,لن,وبينهم,بيني,فافتح,مبين,بطارد,37,32,27
135,نسخر,تسخرون,نجارا,تسخروا,سخروا,فانا,صرت,منا,ملا,الفلك,37,34,33
136,يافث,ولد,يونان,وهم,بلاد,الصقالبه,الروم,الفرنج,حام,المغرب,37,36,20
137,ولدته,حبيبه,بنت,قارا,للقران,الثقفي,حكيم,قانف,عروه,ليلي,37,36,33
138,اعوذ,بك,علم,وترحمني,اكن,الجاهلين,الخاسرين,لي,اسالك,تغفر,37,36,34
139,تتخذوا,دوني,حملنا,ذريه,وكيلا,ربا,شكورا,عبدا,وقضينا,الاسرا,36,33,34
140,بعثنا,ليمنوا,قومهم,رسلا,فجاوهم,كذبوا,نطبع,بالبينات,المعتدين,قلوب,36,34,30
141,اصطفاك,ابيكم,اشفع,يلجمهم,لقيتم,والعرق,فينطلقون,وال,واستجاب,انطلقوا,36,35,34
142,صلب,صلبه,الطاهره,النور,الاصلاب,يلتقيا,الكريمه,اخرجني,يزل,الارحام,36,36,34
143,وولد,وفارس,والترك,والخير,والروم,والبربر,والسودان,فيهم,فولد,القبط,36,31,32
144,دير,قبر,جبل,قريه,مبني,الدير,يشبر,الجودي,يقال,بالقرب,35,34,25
145,الموتي,باذني,كففت,ورجلين,هموا,والابرص,وجاريه,باذن,الاكمه,فاحيا,35,34,30
146,واهلك,النسخ,بقره,لجواز,لبث,الندا,تراخي,نسخا,فاسلك,البعض,35,35,31
147,اهلاكهم,خطياتهم,التكذيب,ولما,للامر,استناف,التعليل,لقوم,البعث,واعظاما,35,35,11
148,والزيتون,التين,مسجد,المقدس,دمشق,بيت,ايليا,سينين,والتين,وطور,35,35,35
149,امركم,مقامي,بايات,غمه,فاجمعوا,وتذكيري,وشركاكم,كبر,اقضوا,توكلت,35,34,32
150,ونجيناه,الكرب,نجزي,ولقد,المجيبون,المحسنين,فلنعم,نادانا,المخلصين,الباقين,35,34,31
151,يضع,الحديث,متروك,وقال,حديثه,منكر,يكتب,عدي,احاديثه,النساي,35,34,22
152,الاستسقا,استغفروا,غفارا,مدرارا,يرسل,ربكم,الاستغفار,السما,استسقي,بالاستغفار,35,35,32
153,صبر,اذي,الذبح,والسجن,وذهاب,سته,المذكورون,ويوسف,ويعقوب,واسحاق,34,34,30
154,فوقكم,ارجلكم,تحت,عذابا,بقارون,القادر,يلبسكم,شيعا,اكابركم,الفيل,34,34,30
155,فاجاب,والقواريري,سجاده,حنبل,وسجاده,الحبس,ومحمد,القواريري,المامون,فشدوا,34,32,29
156,وانه,الشعري,واقني,فغشاها,اغني,اهوي,والمتفكه,النشاه,غشي,واطغي,34,34,31
157,الكرادي,الاشقر,الدين,قضا,خليل,الحنفي,مشيخه,القاهره,واستقر,عوضا,34,33,18
158,لنعبد,اجتنا,تفلحون,فاذكروا,ونذر,لينذركم,وزادكم,ابانا,لعلكم,تعدنا,34,34,34
159,بميثاق,اشكر,السرج,وخصوا,فطر,فاقم,للدين,فطره,حنيفا,لخلق,34,32,27
160,قراتم,هريره,الدارقطني,فاقروا,المقبري,مكرم,الحنفي,الحمد,سبعون,بلال,34,34,27
161,شهدا,فيقول,نشهد,فيقولون,الاختلاف,رسلهم,لتكونوا,اجبتم,امه,بلغتهم,33,28,17
162,لمشهد,احدكم,وجهه,يغبر,شهده,العاشر,ولو,عمل,عمر,افضل,33,32,29
163,ويجعل,مدرارا,باموال,يرسل,ويمددكم,وبنين,غفارا,انهارا,جنات,استغفروا,33,33,28
164,سنه,وستين,وعاش,لمضي,للطوفان,عاش,تسعماه,وتسعا,وثلاثين,وخمسا,33,25,20
165,يكشفها,بغسلها,فدفنها,اغتسلت,ورواه,رواه,اغلب,حديث,حليمه,يجاوزه,33,33,28
166,واعرفهم,امتك,الامم,محجلون,فاعرف,بايمانهم,غر,الوضو,يتون,كتبهم,33,33,27
167,منتصرين,استطاعوا,ممتنعين,قيام,واهلكنا,وقوم,فاسقين,الذاريات,كانوا,العذاب,33,33,33
168,ايها,يا,باسماهم,اسكن,الرسول,وزوجك,باسمه,خاطب,اعرض,اهبط,33,33,29
169,وامرت,اكون,سالتكم,توليتم,المسلمين,اجر,اجري,يرغب,الاسلام,مله,33,31,19
170,نكير,فامليت,اخذتهم,ونهوا,يكذبوك,وامروا,مكناهم,واتوا,ولله,فكاين,32,32,29
171,وسلم,رسول,صلي,ثنا,هريره,حدثنا,النبي,عيش,استاذنته,لكاعا,32,32,28
172,بعدد,الاجر,حسنات,صدق,وبعدد,وكذب,وشعيب,وصدق,بنوح,وصالح,32,31,19
173,مترفيها,ففسقوا,اردنا,خبيرا,بربك,بذنوب,فدمرناها,وكم,بصيرا,اهلكنا,32,32,30
174,تذرن,كبارا,ودا,الهتكم,مكرا,ومكرهم,ومكروا,والكبار,احتيالهم,مكرهم,32,31,30
175,اخبرنا,سمعت,الحافظ,نا,شعبه,يقول,العباس,محمد,انا,يعقوب,32,32,14
176,فاسقا,الغراب,غراب,البين,لخروجها,لتخلفه,سمي,ارسله,جحرها,الابقع,31,30,24
177,واصحاب,الرس,واخوان,الايكه,وفرعون,كذبت,تبع,قبلهم,الخروج,وعيد,31,31,31
178,الاوتاد,فحق,وفرعون,الايكه,الاحزاب,عقاب,فواق,واصحاب,ذو,صيحه,31,31,30
179,يجدوا,انصارا,ديارا,دون,تذر,الكافرين,نارا,احدا,خطياتهم,فادخلوا,31,30,30
180,مرض,اغراض,الاطبا,وتصدقت,وشاركتهم,مداواته,فسالته,الفقرا,الوقت,بخدمته,31,31,26
181,تذرن,الهتكم,سواعا,كبارا,ومكروا,ونسرا,مكرا,ودا,خسارا,يغوث,31,31,31
182,السبت,بسر,وضعتها,حسان,كفي,كف,وسمعته,فاشهد,اترون,صيام,30,29,26
183,امراه,ومريم,خيانه,وامراه,لوط,خيانتهما,تدل,مجنون,التحريم,فرعون,30,30,27
184,تذرن,قبورهم,عكفوا,ماتوا,صوروا,سواعا,ونسرا,الهتكم,الامد,صالحين,30,30,15
185,ساوي,يعصمني,اركب,اركبوا,معزل,لغفور,كالجبال,تكن,موج,معنا,30,30,27
186,شرع,وصينا,اقيموا,وصي,الدين,تتفرقوا,وموسي,وعيسي,والذي,اوحينا,30,27,28
187,فيهن,وجعل,نورا,القمر,السموات,سراجا,الشمس,تروا,طباقا,العرش,30,29,28
188,فضال,عصمه,اعرضوا,بفقه,واشتغلوا,عكرمه,القران,اين,حسبه,مريم,29,27,28
189,الدين,المقدسي,الاربلي,اسعد,المغربي,سلار,المتقن,الامام,والامام,التفليسي,29,24,25
190,يصدقه,كلفوا,بعدم,وقوعه,كاخبار,الامكان,بتصديقه,الممكن,يمن,واخبار,29,28,21
191,الطبيعه,الرفيعه,الدرجه,القلب,انصارهم,فالملك,وبالله,لنزل,الابد,الروح,29,28,16
192,مجنون,وازدجر,فكذبوا,عبدنا,عسر,الكافرون,وقالوا,كذبت,مهطعين,الداع,29,29,29
193,صدره,يرد,للاسلام,يهديه,يشرح,يضله,حرجا,ضيقا,يغويكم,يريد,29,28,17
194,قرون,كم,انبي,عشره,امامه,سلام,بينه,نعم,مكلم,وبين,29,27,23
195,يعصمني,ساوي,رحم,جبل,يمنعني,اليوم,عاصم,امر,الما,مانع,29,29,27
196,داب,اخاف,مثل,ظلما,للعباد,والذين,الاحزاب,وعاد,وثمود,عليكم,29,29,22
197,قيس,وقيصر,كتب,كسري,اخيه,قتاده,انس,وال,نصر,خالد,29,26,24
198,فاستخرج,العينين,حريره,سودا,بابا,اللحيه,بيضا,صوره,ضخم,تعرفون,29,29,23
199,مجالسهم,انصابا,انصبوا,يجلسون,وسموها,ففعلوا,باسماهم,تعبد,هلكوا,عبدت,29,29,27
200,الفان,نبيان,وافتخر,واربعون,بعضها,ربه,او,شايعه,اذكر,بين,29,29,21
201,الاسلام,الشرك,وحده,مسلمين,عباده,والمرسلين,التوحيد,شريك,دين,الرسل,29,27,17
202,قص,عاما,خمسين,وانجا,فلبث,الايمان,وقومه,الكرب,ابتلا,فيهم,28,28,25
203,جت,صعصعه,والنبي,الساب,معن,فجلست,معهم,نافله,الصلاه,فوجدت,28,27,26
204,الكبار,اعنتها,مقلده,يريدون,اشد,سراجا,طوره,صوم,تظل,وجميل,28,27,27
205,تبعني,عصاني,غفور,مثلك,فانك,رحيم,ومثلك,تذر,ديارا,مني,28,28,27
206,الاخرين,الصافات,وتركنا,العالمين,شيعته,نجزي,سلام,المحسنين,تركنا,لابراهيم,28,25,24
207,افريدون,الضحاك,الفرس,ملك,بنار,مبعث,بهبوط,الملوك,بيورسب,ترخ,28,27,24
208,الثقات,حبان,وذكره,وعنه,معيقيب,مجهول,المزي,اياس,ومصعب,حديثه,28,26,14
209,الكوفه,واتخذ,وفيه,وقدس,تقديسا,ووسطه,الخامسه,زاويته,رياض,مسجد,28,26,20
210,التهذيب,الجرح,التقريب,الكمال,والمثبت,تهذيب,الالتقا,الاكمال,الالباب,كني,27,22,12
211,يعفو,مال,رجل,نقضا,للامام,مساله,صنعوا,يقتل,الامام,الديه,27,23,6
212,ابنا,نا,اخبرهم,ريذه,ثنا,قيس,انا,اخبرتهم,زاهر,انبانا,27,25,13
213,ملاكه,لانزل,جنه,سمعنا,جنون,فتربصوا,يتفضل,ابانا,متبوعا,مثلكم,27,26,23
214,الحميدي,التيمي,حييتم,فحيوا,بد,بتحيه,باحسن,سفيان,ردوها,اخبرنا,27,27,19
215,الريان,فرعون,عملاق,لاوذ,الوليد,قاران,مصعب,علوان,عمليق,قابوس,27,25,19
216,الدين,شمس,المقدسي,الصلاح,تقي,الرواحيه,بدمشق,وستماه,بالمذهب,الشيخ,27,27,23
217,والزنج,والقبط,وياجوج,والهند,والنوبه,والحبشه,والروم,والسند,الترك,وماجوج,26,25,24
218,يشجب,كهلان,يعرب,قحطان,سبا,الغوث,عريب,شالخ,عابر,نبت,26,26,19
219,العزم,اولو,اولوا,صبر,وابراهيم,وموسي,الرسل,فاصبر,وعيسي,رابعهم,26,26,26
220,صباحا,السهل,يسكن,دمامه,الجاهليه,وادريس,بطنين,الجبل,المراه,الاولي,26,26,26
221,فانفقه,والمروه,قدميه,مظلوما,ذهبا,ومد,يوالك,الصفا,عمره,حج,26,26,25
222,فالغ,الخضر,ملكان,نمرود,العيص,عابر,شالخ,بليا,ارفخشذ,نمروذ,26,26,19
223,ومثلك,والنقمه,اعدا,تبعني,عصاني,غفور,صنعوا,ينزل,بالباس,فانك,26,24,19
224,الدهر,وصام,صام,والاضحي,الفطر,وافطر,نصف,شهر,ايام,ثلاثه,25,25,21
225,لهلكنا,رباعيتك,وادمي,ظهرك,وكسرت,فابيت,اخرنا,فلقد,وجهك,وامي,25,25,24
226,الفغوا,دعاني,الخزاعي,حدثنيه,معمر,سعد,عمرو,المدب,يزيد,سيار,25,25,23
227,العماليق,مكه,معاويه,عمليق,مسلمهم,وسيدهم,ومرثد,ذاك,لاوذ,بمكه,25,25,24
228,عاد,عوص,اخاهم,ارم,هودا,رباح,الخلود,سام,هود,وارسلنا,25,25,23
229,احسنوا,الحسني,للذين,وزياده,عرفه,سل,سلم,العمل,ثابت,البناني,25,25,23
230,زمزم,وقبورهم,سابط,والحجر,وصالح,لحق,وهود,وشعيب,هلكت,يموت,25,24,22
231,الجدود,ابواه,جبينه,بريق,الخدود,مسح,الجن,فله,الجصاصون,خرجوا,25,25,22
232,الشام,وخرج,طالب,خرج,اشياخ,واشياخ,يونس,قراد,ابيه,بكر,25,25,24
233,نادانا,واهله,المخلصين,الكرب,ونجيناه,المجيبون,فلنعم,العظيم,ولقد,عباد,25,25,22
234,لبيان,بالذكر,افضلهم,مشاهيرهم,المفضلين,وذراريهم,وقدم,الانبيا,شرع,ولانه,24,24,17
235,وجعلناه,هدي,واتينا,تتخذوا,البصير,لبني,دوني,وكيلا,شكورا,السميع,24,24,23
236,يلوح,بالخبر,الصيغه,نفي,تلويحا,محكوما,ويشعر,يتردد,الواحده,المده,24,24,22
237,الاجود,سويد,العباداني,اجود,ذكوان,انس,اخبركم,عبدي,اخيه,يشيبان,24,23,17
238,البين,طلح,للنوي,سفوح,المشت,طليح,واسراب,تراهما,افراخي,فنحت,24,24,23
239,العرس,رخص,والبكا,الغنا,الميت,وقرظه,وثابت,وعندهم,وانتم,عرس,24,24,24
240,وقولوا,الخاسرين,تغفر,وترحمنا,لنكونن,ظلمنا,وترحمني,انفسنا,اكن,تزكي,23,23,22
241,التوب,وقابل,الطول,غافر,العقاب,الذنب,يغررك,تقلبهم,يجادل,كفروا,23,23,22
242,ثم,حم,السجده,الغاشيه,يتسالون,الحاقه,تنزيل,انفطرت,الدخان,الجاثيه,23,20,18
243,افضت,اين,الديار,بينما,يعود,الاسره,الخدود,وصحيح,بعدهم,لحقوهم,23,21,21
244,واخرهم,النبيين,البعث,ومنك,ميثاقهم,اخذنا,واذ,الخلق,كنت,اول,23,22,22
245,الاشعري,سماعه,وحميد,صفوان,الرزاز,الجبار,ترثه,مسكان,شاذان,والرزاز,23,23,3
246,النابغه,شعراكم,يخون,تخنها,عاريا,الظنون,ثيابي,فالفيت,اتيتك,اشعر,23,21,20
247,نظيرتها,العاشر,ومثلها,الانفطار,السجده,التغابن,البروج,المنافقون,الحجرات,الطلاق,23,22,19
248,اغرقنا,لايه,اكثرهم,الباقين,المشحون,ممنين,معه,الفلك,فانجيناه,لهو,23,23,18
249,صوره,تحول,الخراساني,المقنع,والحكما,صورته,بصوره,بالتناسخ,ثم,وقاتلوا,23,23,23
250,بصار,اتينا,اهلكنا,للناس,القرون,وهدي,ورحمه,يتذكرون,ولقد,الاولي,22,22,22
251,وممن,خروا,وبكيا,واجتبينا,تتلي,سجدا,واذكر,ورفعناه,صديقا,انعم,22,21,20
252,اقول,تزدري,اعينكم,ياتيكم,يتيهم,بمعجزين,تعدنا,جدالنا,فاتنا,جادلتنا,22,22,21
253,كنعان,جالوت,اوشهنك,حام,اوشهنج,ملك,ارض,الاصب,فاعانه,فملك,22,22,12
254,تركنا,سلام,الاخرين,وتركنا,الثنا,العالمين,سلاما,ابقينا,ابتدا,الكلمه,22,19,19
255,عاشورا,وفيه,تاب,فصام,يوم,الجودي,شكرا,فلق,البحر,رجب,22,21,17
256,فيقول,يجا,فيقال,هل,شهودك,فتسال,جانا,بلغكم,وامته,فيجا,22,22,21
257,يكره,المبارك,زربه,رايناه,فيقتله,يعجبه,عشر,جوفه,سبعه,يجيب,22,22,17
258,واثار,وميراث,باعث,طاعتي,العقب,ذريتك,واستكملت,ويكون,عالم,ديني,22,18,6
259,مجمل,ويديه,مفصل,فغسل,ورجليه,عطف,الترتيب,نحو,ومسح,فعمرو,21,21,20
260,نضيد,ونزلنا,فانبتنا,والنخل,باسقات,واحيينا,الحصيد,وحب,رزقا,طلع,21,21,20
261,رومي,يونان,هرمس,ملكان,لنطي,بليا,الخضر,العيص,القرنين,الاصفر,21,21,18
262,يثرب,ارم,قانيه,عبيل,مهلايل,نزلها,سميت,وطابه,الزجاجي,عوض,21,21,17
263,اكفاركم,براه,اولكم,الزبر,ام,منتصر,خير,مقتدر,استفهام,واقوي,21,21,21
264,القرنين,اليوناني,توارثوا,مرزبان,يونان,اسمه,الاسكندريه,الاسكندر,ذا,الاعاجم,21,21,21
265,مكانها,معمورا,يعمرونه,فنسفه,والحجاره,بالطين,البيت,بيتا,الغرق,وخفي,21,20,20
266,ارميا,القوس,بيافث,قرنه,ونبذ,مهلك,فضربوه,قرنان,الرماد,ثيابه,21,21,20
267,طغي,طغت,بطغيانهم,بالطاغيه,نياط,الوتين,وللواحد,الخزان,اليدان,والرجلان,21,20,18
268,ولده,يجبه,فنادي,يجعل,حام,يسعي,اذلا,يجعلهم,وصاح,نيام,21,17,16
269,دخلها,العاري,وجد,حفيره,ثوب,وركع,ويسجد,ويركع,فسجد,مسه,21,20,12
270,بلغنا,يغضب,تري,اذهبوا,نفسي,نحن,مثله,تشفع,ونهاني,غضبا,21,21,21
271,اعرابي,الموافق,الاحنف,فليكن,يذهب,منك,فارتج,موافق,الاخ,تسمع,21,20,18
272,بسبت,الجلدا,قامتا,يلعج,ضربا,اليما,تجاوب,الهذلي,الجلد,ربع,21,21,18
273,المقدسي,سماعا,البطي,وزينب,الرحمن,الدام,بقراتي,المهتار,واخبرنا,الدبيثي,21,21,13
274,يقرا,العيد,الثانيه,الاستسقا,بسوره,اقتربت,كصلاه,صلاه,الاولي,العيدين,21,19,18
275,ثمود,اخاهم,وادي,والشام,لقله,مساكنهم,القري,صالحا,الحجر,القليل,21,21,20
276,الغفار,الشيخ,رجله,وجاتني,مروحه,بقوص,غلام,فقيرا,احتياجا,فمد,21,18,16
277,كوفي,ثقه,النجاشي,يكني,ودراج,الصبيح,الاهوازيان,النخعي,الحناط,الطافه,20,20,11
278,غار,تابوت,قبيس,الكنز,الغار,رده,ببيت,فاستخرجه,مكانه,وكبر,20,19,20
279,المقبري,الحميد,احداهن,بلال,الحمد,بسم,المعافي,هريره,ايات,الرحيم,20,19,15
280,لشديد,كفرتم,تكفروا,تدعوننا,كفرنا,تاذن,ارسلتم,مريب,افواههم,لغني,20,20,19
281,صنم,ود,والود,اد,لقريش,لقوم,ودا,سمي,الوتد,الواو,20,20,18
282,بحفظك,ودعنا,وفلان,فلان,يرفعه,حدثت,عمرت,بسطام,احب,سكت,20,20,18
283,عظامه,وجسم,وبدن,عظام,زار,زياره,زرت,زيارته,امير,الممنين,20,18,13
284,امرات,وامرات,وفي,ثنتان,مواضع,الجوار,القصص,بالها,واطيعون,كلمت,20,19,12
285,فيدلهم,فياتون,ياتون,يشفع,فيقول,ادلكم,ربنا,انطلقوا,فياتونه,الامي,20,20,20
286,شعبان,المنعم,نجم,الدين,الصديق,طلحه,عيسي,المقدسي,عبد,والبدر,20,20,13
287,تذرن,تماثيلهم,قبورهم,عكفوا,الهتكم,سواعا,ونسرا,ويعوق,ودا,يغوث,20,20,9
288,اذهب,فقرات,حفظت,اخيك,عمك,الفراض,الخريبي,العشر,فتعلم,فتحفظ,20,19,18
289,قزح,قوس,فاخبرنا,المجره,السما,تقل,الغرق,القوس,شرج,امان,20,19,18
290,نطفه,تركب,السفين,الصلب,ينتقل,صلب,مضغه,صلبه,تنقل,يريد,19,19,18
291,منكر,مجهول,معين,عبيس,بخبر,حبان,الدارقطني,الحديث,واهي,حديثه,19,17,11
292,يدغم,البقره,الكهف,وجملته,همز,يقف,حذفها,فنحو,خطايا,وو,19,18,14
293,قصه,ابلغتكم,الفاعل,فاضمر,وهود,مواضع,بلفظ,السوره,لنظنك,الكاذبين,19,17,8
294,صلب,صلبه,يلتق,ينقلني,سفاح,الاصلاب,الطاهره,كنت,الارحام,وادم,19,19,15
295,النطقا,ووصيه,مقام,مرتبه,وقام,دور,انتقال,قام,نقطه,تكشفه,19,18,13
296,الاختيار,الباقون,مقسم,وابن,بالتا,باليا,وقاسم,وطلحه,والثغري,والعبسي,19,18,3
297,تشعرون,ونجني,فافتح,فتحا,حسابهم,بطارد,وبينهم,علمي,كذبون,لتكونن,19,18,18
298,ولتعلن,لتفسدن,فجاسوا,وقضينا,اولاهما,عبادا,علوا,مرتين,وجعلناه,كبيرا,19,19,19
299,فدمرناهم,كذبوا,تدميرا,الفرقان,اذهبا,اغرقناهم,فكذبوهما,واعتدنا,وجعلناهم,اهلاكا,19,19,18
300,عرشه,الاربعه,زار,الاولين,فمحمد,الاخرين,واربعه,زوار,عرش,فنوح,19,19,18
301,واللحمه,والحرمه,قطيعه,معصيه,وخروجه,الولايه,لمفارقته,المخلوع,لاحد,فرق,19,19,19
302,وانزلنا,يزنوا,بالميزان,والميزان,فدفعه,الحديد,بالقسط,ليقوم,نزل,العدل,19,19,19
303,الشرك,القبور,قبور,شرك,تعظيم,تماثيلهم,صوروا,شركهم,وعباده,اسباب,18,18,13
304,الصوفيه,حيروهم,سجرت,اورثوا,تعداد,حيره,المصطفين,تزد,المقتصد,بالوجوه,18,17,14
305,عجوزا,ادركت,تنحن,ناسا,بايع,قالت,فاخذ,مصعب,اسعدوني,علينا,18,18,16
306,نفسي,يغضب,اذهبوا,مثله,فعصيته,نهاني,غضبا,غضب,سماك,الشجره,18,18,18
307,ارم,واميم,سام,وعمليق,وطسم,وجديس,عوص,وعبيل,ابنا,وجاسم,18,18,13
308,فصامه,شكرا,بموسي,استوت,احق,واحق,بصوم,صاموا,اليوم,وغرق,18,18,17
309,لجاريتها,اخرجي,قبض,فاخبرت,قتل,فسلي,ثابت,الليله,تنوح,منذ,18,18,18
310,وسمع,جهضم,وصحب,وابي,قرات,واربعماه,الرازي,بندار,مرات,بمصر,18,17,11
311,البقاع,ولايتنا,ويقوم,يصوم,والمقام,الركن,افضل,ينفعه,النهار,لقي,18,18,15
312,البيوت,وضع,بيت,للناس,وهدي,ولكنه,بينات,دخله,مباركا,امنا,18,17,17
313,الريس,بخاري,افشنه,بلخ,سينا,وتزوج,بقريه,وانتقل,وتولي,خرميثن,18,18,16
314,المسوح,نطوح,رحن,الوشي,نطاح,نح,عليهن,العتاهيه,تنوح,نفسك,18,18,17
315,القطيعي,وسعدويه,التمار,المامون,وابن,الفرخان,ومحمد,العمري,وقتيبه,الرقه,18,17,17
316,معاذه,العدويه,امنت,منبر,الصديق,الاكبر,فاطمه,البصره,يخطب,عليا,18,18,15
317,مصرف,غنم,والسري,العيزار,مسروق,لعمر,نصاري,ثعلب,والوليد,يذكرون,18,18,15
318,قرون,والقرن,عشره,ماه,وبين,ونوح,سنه,الواقدي,الاسلمي,الفي,18,16,14
319,الذهبي,ترجمه,الاستخراج,تهذيب,والتعديل,الترجمه,فواد,للحديث,الكمال,الجرح,18,14,9
320,ولمن,ولوالدي,ممنا,مسجدي,دخل,شمخا,بينه,اغفر,بيتي,ولولدي,18,18,18
321,لحوم,حلالا,نحرمه,والبانها,الابل,اليهود,حلا,محرما,الينا,نحله,18,18,18
322,لولي,الاولي,اللام,عادا,واطغي,اظلم,عاد,التنوين,بادغام,همزه,18,17,16
323,بقول,امير,فشهدوا,وجبنا,والفضيل,اقضاكم,المساله,العلما,المصرين,امضي,18,13,13
324,هبه,الحلاج,كلثوم,الكاتب,العزاقر,بنت,وشايعه,الحسين,العمري,ذكرها,18,18,3
325,التنور,وفار,زوجين,اثنين,احمل,تنور,وانثي,امرنا,قلنا,فار,17,17,15
326,لمبتلين,ببلا,مصيبين,انشانا,كنا,لننظر,مختبرين,الشان,يعتبر,لايات,17,17,17
327,تسمعون,اخبرك,سمعتهم,كربلا,تلقي,لرجل,اشراف,جناب,اتيت,بريق,17,17,17
328,سويد,ذكوان,عبدي,اخيه,عفوا,لاستحي,وامتي,استر,يشيبان,العزيز,17,16,12
329,لتغفر,دعوتهم,واستكبروا,جعلوا,استكبارا,واصروا,اذانهم,اصابعهم,واستغشوا,كلما,17,17,17
330,الحمد,شكورا,عبدا,حمد,لله,واذا,شرب,لبس,اكل,فسماه,17,16,14
331,صحيح,اسناده,القطان,شرط,بالرقه,الصحيحه,اخبرنا,حدثنا,حبيب,المدحض,17,16,6
332,بفتح,وسكون,المهمله,بضم,حثمه,مهمله,السابق,الاذني,خازم,الموحده,17,15,10
333,فيذكر,فيطلب,فيتي,بصاحب,ذنبا,ونفخ,ويقول,روحه,قبلا,وكلمه,17,17,16
334,ثم,الياس,اليسع,يعقوب,ادريس,بعث,وهارون,شعيب,الكلبي,لوط,17,17,7
335,وال,والصفوه,المرفوعه,الهاديه,والسلاله,والال,سميع,عليم,كالسما,اصطفي,17,17,16
336,حريق,ساجد,فجعلوا,راسه,النار,طيبتها,وقع,فقبلها,خذها,رفع,17,17,15
337,اولي,بفرعون,اسقط,عمله,المغرق,حرم,والمهلك,بالحلول,والعماره,برسول,17,17,17
338,بخلاقهم,وخضتم,فاستمتعتم,استمتع,فاستمتعوا,واولادا,خاضوا,بخلاقكم,حبطت,كالذي,17,17,17
339,فيقول,وامته,هل,لامته,بلغكم,يشهد,بلغت,جانا,يجي,فيقولون,17,17,16
340,اطمس,الرجلين,اموالهم,واشدد,اخوه,قولكم,ربنا,فخرج,هذين,تذر,17,17,17
341,وطبقه,الدواب,ذراع,الروث,اغمز,وخنزيره,خنزير,الفار,فاقبلا,اوحي,17,17,17
342,زويله,الان,سوق,بسام,القوس,مسجد,السراجين,القاهره,ويعرف,دار,17,16,8
343,ابقي,عادا,اهلك,النجم,اظلم,الاولي,واطغي,فما,اهلكهم,وثمود,16,16,16
344,وحام,ويافث,وياجوج,فسام,وفارس,السودان,وتركنا,الترك,وماجوج,والروم,16,16,16
345,مسرور,المنذر,فسماه,الدراوردي,الحزامي,حدثني,قليلا,المغيره,باسناده,نافع,16,13,11
346,الوحي,اوحينا,بد,والنبيين,وقول,كيف,اليك,باب,جل,بعده,16,14,13
347,حدث,القصار,البازي,الخلمي,الحباب,عراده,البخاري,وحباب,حفص,وحبان,16,16,8
348,ليمنن,بمحمد,ميثاقه,ولينصرنه,اخذ,لدن,يبعث,السدي,احيا,حي,16,16,16
349,فعتوا,تمتعوا,كالرميم,منتصرين,ينظرون,استطاعوا,فاسقين,الصاعقه,جعلته,قيام,16,16,16
350,ومات,حيان,ابوك,ورفيقه,تموت,خليفه,وماتت,هرم,ويوشك,نجي,16,15,16
351,وتاتي,مناديه,نوحه,مسوح,يساعده,فيجلس,الغياض,ليف,المحاريب,حشوها,16,15,15
352,الرسولين,موتهما,نافقتا,عداوتهم,بحال,العلاق,يغن,وخانتا,وبت,لهما,16,16,16
353,ثنا,وثنا,حنيفه,وحدثنا,بزيع,الصغاني,غيلان,الجندي,رسته,احمد,16,16,7
354,اهلكوا,اطرافهم,ويخوضون,اوساطهم,تباب,اعداهم,تاتي,بالصيحه,لامه,وقول,16,16,15
355,فارخوا,مبعث,ارخ,هبوط,هبط,وانتشر,التاريخ,ارخوا,بنوه,يزل,16,15,12
356,اولياكم,تفعلوا,والمهاجرين,مسطورا,معروفا,واعد,امهاتهم,صدقهم,ببعض,الارحام,16,16,15
357,ملك,ملوك,طهمورث,يافث,اليونانيين,الفرس,وتوالي,مجوسا,جيومرث,معمرا,16,16,11
358,الاندلس,يافث,لذريق,اشبيليه,اتريب,بيصر,الشعوب,حيزه,ملك,منخر,16,16,13
359,معين,بشي,باس,اعمي,حديثه,وقال,ليس,بالقوي,النساي,ثقه,16,16,12
360,كاف,تام,ومثله,وكذا,قطع,حسن,كافيه,بمعني,والفواصل,حسيبا,16,16,5
361,تناسخت,القرون,حسبك,القواعد,يطوف,نودي,تحته,بنياه,رفع,لهيعه,16,16,16
362,ذكوان,حدثنا,للذنوب,مقراف,فتب,الحمصي,واحتذي,لتكون,رسول,خشنا,16,16,12
363,القري,انباها,نقص,رسلهم,لتعلم,اهلها,ننصر,امرها,وامر,يعني,16,16,14
364,وفي,اباي,دعاي,الهين,اليا,ياين,ورسلي,لعنتي,طه,اني,16,16,10
365,نجوي,رابعهم,وعلمه,بكير,حيان,مقاتل,معروف,ميمون,معهم,العرش,16,15,13
366,وفارس,وولد,والروم,فولد,وياجوج,والصقالبه,وماجوج,وحام,المسيب,ثلاثه,16,16,14
367,وهمت,برسولهم,لياخذوه,والاحزاب,تقلبهم,وجادلوا,يغررك,البلاد,بالباطل,قبلهم,15,15,15
368,موج,معزل,كالجبال,تجري,معنا,اركب,ونادي,رحيم,تكن,بهم,15,15,14
369,از,در,این,کوه,بنشست,را,است,وادی,کردند,همه,15,15,5
370,وال,اللهم,مجيد,صل,سلمت,مننت,وباركت,انك,حميد,كافضل,15,15,10
371,فاكلوا,الجريري,اجمعون,اصبح,سالم,اناس,وطعموا,واصفار,فطعم,اصور,15,15,15
372,وقول,ظلمنا,الخاسرين,ربنا,انفسنا,تغفر,اسالك,وترحمنا,لنكونن,اعوذ,15,15,9
373,خمسين,وخمسين,سنه,ولبث,عاما,الف,فلبث,وماتي,بعث,قومه,15,14,15
374,فاستانف,صام,يصوموا,مناد,فصام,رجب,العمل,بدلت,زاده,اعطاه,15,15,12
375,ادريس,جد,الياس,الدرس,عمود,ورفعناه,الرفعه,يزعمون,واستانسوا,مكانا,15,14,12
376,مقبره,حش,حصن,دير,نوشجان,فيعيونالتواريخ,ميدان,قريه,النهروان,نهر,15,15,11
377,عازر,العجوز,صديقا,الموتي,حيا,باذن,احيا,سريره,واحيي,قبره,15,15,15
378,واعقم,ارحام,استغفروا,حبس,يرسل,فهلكت,زمانا,مدرارا,نساهم,المطر,15,15,15
379,البلقا,الاصنام,فتنصرنا,ونستنصرها,فتمطرنا,راهم,صنما,ماب,فاسير,اراكم,15,15,13
380,العمالقه,ارم,لاوذ,عمليق,والعماليق,تفرقوا,البلبله,جديس,وطسم,سام,15,15,12
381,ادركها,فهل,اوال,ابقي,مدكر,فرقتين,تركناها,باعيننا,ايه,القمر,15,15,13
382,مثلنا,الرحبه,وفضه,ذهبا,مل,كمثل,حطه,الامي,احب,الامه,15,14,12
383,واوصي,بره,عثامر,محوق,مجلث,شبان,ودفعها,الي,برغيثاشا,يافث,15,15,14
384,قفينا,بعيسي,وقفينا,الانجيل,اتبعنا,واتيناه,برسلنا,اثارهم,فاسقون,مهتد,15,15,15
385,ولدها,ارضعت,اتزوج,ولدي,يجوز,فكتب,امراه,بعض,هل,الرضاع,15,15,12
386,انذره,فاثني,لانذركموه,يقله,باعور,تعلموا,قولا,واخبرني,اخبره,اعور,15,15,15
387,فليقض,بيننا,هناكم,يهمني,لست,اتوا,اشفع,فياتون,فيقولون,فيقول,15,15,12
388,حدثك,الشافعي,اسنادا,لمالك,ابوك,يحدثك,اسلم,طافت,بالبيت,زيد,15,14,14
389,نتبعهم,نهلك,نفعل,الاولين,الاخرين,للمكذبين,بالمجرمين,المرسلات,ويل,الم,15,15,15
390,افترض,الصلوات,قيس,كم,عباده,خمس,قتاده,انس,اخيه,الجهضمي,14,14,12
391,ياتكم,يعلمهم,قبلكم,نبا,والذين,الم,ارايت,بعدهم,النسابون,وثمود,14,14,14
392,قبر,القبور,قبور,القبر,وقبر,تزورها,المضافه,بمسجد,المشاهد,واليسع,14,14,7
393,واما,بصاحبه,فباب,التقم,المجره,ثعبانا,امان,القوس,تطلع,القاها,14,14,13
394,وعين,نقول,للممنين,دهن,ويساره,وصيا,مكروب,سمعتم,تجري,الحواج,14,14,13
395,مثلا,امرات,جاهد,للذين,قدير,واغلظ,والمنافقين,وبس,اتمم,وماواهم,14,14,13
396,وحملناه,الواح,ودسر,قدر,ذات,هلاك,بسوا,اللوح,الموصوفات,امر,14,14,14
397,نظنكم,كاذبين,دعوي,الفضيله,تدعي,والجاه,المعتبره,خطاب,الملا,قولكم,14,12,9
398,الصفار,ايوب,عمير,زراره,رحمه,رضي,النحر,الوليد,حدثنا,حضره,14,14,6
399,عسفان,الليف,بكرات,يحجون,وارديتهم,العبا,وادي,حمر,النمار,العتيق,14,14,12
400,يخشي,ير,فاصبح,المناديا,راضيا,بطيبه,مسرورا,يقص,واطمانت,عونا,14,14,14
401,قميصا,دراهم,باربعه,بثمانيه,اشتريت,وتصدقت,تتقي,شعبه,ويحك,تلبس,14,14,14
402,بابان,وجدت,الدنيا,كرجل,عمرا,ولذتها,اطول,الموت,وخرجت,هنيهه,14,13,14
403,يجادل,ليدحضوا,وجادلوا,بالباطل,لياخذوه,برسولهم,وهمت,والاحزاب,فاخذتهم,عقاب,14,13,12
404,الساعات,قوس,بالعاقر,بياض,غلب,سواد,الاثني,قزح,اقسمت,يكفيك,14,14,14
405,فعلنا,السراع,الخبب,فعقرها,فتعاطي,كحظار,محترق,المحتظر,النسلان,المرح,14,14,12
406,الاعتصام,بالسنه,ركبها,نجاه,السنه,علمانا,يقولون,تخلف,الصراط,نجا,14,14,8
407,غيبته,وقدر,لصاحب,مد,شابا,بشرخ,ابطاه,اكشف,ادارها,يمد,14,13,7
408,حرمت,لسنا,محرمه,حرمنا,هادوا,تحريم,فحرمت,وظلمهم,الينا,باول,13,13,10
409,شماس,المخرمي,اطيقه,جات,فقالت,حازم,فتردين,حديقته,ثابت,عكرمه,13,13,13
410,معيقيب,ملوي,خاتم,فضه,حديد,اياس,فربما,ربيعه,جده,مكين,13,13,12
411,منامها,ورات,نبوتك,اخذ,الميثاق,فافرجوا,جلس,ميثاقهم,وتلا,ومنك,13,13,13
412,الهجا,مذكور,الخمس,راس,اختلافهم,الالف,بحذف,وهجاه,رسم,بالف,13,12,2
413,وصوت,واعرضوه,وخله,طوفوا,واعطوه,روحاني,وزهد,ولسان,وبشري,والانس,13,12,12
414,البقره,وق,الاعراف,عمران,ال,التوبه,الواقعه,ور,الفاتحه,النور,13,12,1
415,يزدهم,فرارا,دعاي,مهجورا,قومي,ابليس,القرن,فالظن,وسوسته,عاتبهما,13,12,10
416,نوحيها,الغيب,تعلمها,للمتقين,العاقبه,كنت,انبا,فاصبر,لديهم,قص,13,13,8
417,الاستيفا,خطياتهم,كبراهن,مزجره,ليتنبه,وبينهن,استيجاب,فادخالهم,يتكل,بالذوق,13,13,7
418,كرك,الشيخ,الكركي,العالي,الشهيد,الجزاري,مشايخها,الكرك,العاملي,الجليل,13,8,11
419,يكذبوك,الامور,وقوم,مدين,وكذب,واصحاب,تسليه,ولله,فامليت,فقد,13,13,13
420,كفل,دمها,مثقله,تقتل,يرخص,حملها,وازره,تدع,القتل,تزر,13,13,13
421,مسمار,وانار,المسمار,اولها,جانب,عليك,فاسمره,فاشرق,بيده,ابشري,13,12,12
422,تذرن,لتسلكوا,سبلا,يعيدكم,ويخرجكم,وجعل,اخراجا,خسارا,فجاجا,يزده,13,13,12
423,رموز,الكمال,تهذيب,حجر,لينتفع,ترجمتها,بذكرها,مختصره,زادا,اكتفا,13,9,1
424,ندم,وشق,شرهم,الندم,ادعاهم,بانيم,تلدين,البله,فساد,وكفرهم,12,11,10
425,عطا,جريج,الاوثان,لمعظم,شيخو,الوظاف,عباس,والسبعون,الحديث,تفسير,12,12,10
426,وبمنزله,شمعون,وصيي,مني,بمنزله,وخلافتك,وصيتك,وخليفتي,انت,جحد,12,11,8
427,وبنين,ونمد,المد,باموال,وامددناهم,بفاكهه,ويمددكم,يمدونهم,نمدهم,ايحسبون,12,11,11
428,نراك,مثلنا,بشرا,اتبعك,اراذلنا,بادي,الراي,الالم,الملا,الذين,12,12,10
429,تكلفت,بحفيظ,باعمال,بنفسك,علمي,تكلفه,لعمري,يعملون,احدهم,ادري,12,12,12
430,البحيري,بحير,الحيري,النيسابوري,الثقه,وثلاثماه,المزكي,توفي,سمع,الكعبي,12,12,10
431,قوتكم,ويزدكم,تتولوا,مم,فوفد,وفده,تعرضوا,مجرمين,ببينه,فساله,12,12,12
432,ضمنا,بالواو,الفلك,تقدم,ولقد,مرات,هود,ذكر,صنعها,الممنين,12,12,9
433,والثقلين,يسلمون,نجزي,التحيه,المحسنين,التكرمه,وادامه,بثبوت,احسانه,عبادنا,12,12,9
434,ببدع,مصرين,بقوا,اخاك,وانكارهم,اكمل,الكفر,الحمقي,والجحود,تكذيبهم,12,12,10
435,خرقا,وخرقا,تزداد,ملاحه,لتجعلني,تعمير,وجلت,القحيف,اضلت,نحوي,12,12,10
436,صوت,حمار,لعدم,نحو,ذكا,ونحو,صوته,صاحبه,الحمام,فالرفع,12,12,11
437,فاستوحشت,فنزلنا,حجاجا,فتفرق,علمنا,وحشه,عمارا,متغيرا,ومعنا,شعرت,12,11,12
438,وحبيبا,وحدث,ومحمد,بكير,واسطي,المقر,وقراد,كاتب,والحسن,وابا,12,12,6
439,شبرمه,تداركها,كادت,حالق,دراج,تزل,لولا,قدم,يصب,بحكم,12,11,6
440,الراشي,خشنا,بكروا,رقم,واحتذي,المطبوع,مريم,بصلاه,الشعير,المخصوف,12,12,11
441,لرحم,اخبرته,الصبي,فعظمت,اخبره,مكث,زوج,رحم,غرس,عاشه,12,12,11
442,فليرتقوا,يذوقوا,الاحزاب,مهزوم,الاسباب,جند,الاوتاد,ام,خزان,الايكه,12,11,11
443,التراب,شاب,الكثيب,كثيب,اتدرون,فانطلق,كفا,ينفض,تراب,بعصاه,12,12,12
444,معجمه,بليا,مفتوحه,ملكان,خا,بمعجمتين,بغين,وموحده,بمهمله,بفا,12,12,11
445,بالرحم,القرابه,والبعيد,يعتبرون,يرتقي,وحبيش,الاسلام,ارحام,اعتبر,القريب,12,12,10
446,حمي,الحمي,فسلط,تطمن,الاسد,شكوا,وكيف,ومعنا,حمل,المواشي,12,12,10
447,العجوه,الحبله,الاناث,النخل,النخله,قطعها,اللينه,والعتيق,الفحل,شق,12,12,12
448,رفاعه,الشيخ,الغفار,الصباغ,الوحيد,الاسواني,بالصلاح,الجذامي,للشيخ,والقطب,11,11,10
449,سوره,تفسير,التغابن,الايات,عبس,الممتحنه,المرسلات,التكوير,الطلاق,المدثر,11,11,11
450,زكاه,وانك,السيرافي,الاشرار,وارجلان,الصبيان,يقرا,ومازن,زنغيل,تميم,11,11,7
451,صبورا,حليما,فشت,وكثرت,وعتوا,يلق,عتوا,الجبابره,المعاصي,يدعوهم,11,11,8
452,تركوا,معبود,تركوهم,يعرفه,للحق,ويجهله,وجها,الحق,تذرن,المحمديين,11,11,7
453,اسامه,واقبل,نفيل,البصري,زيد,الترجماني,بشر,الحراني,الوليد,حيان,11,10,9
454,يدفنوه,يذهبوا,انيس,وحشه,هبطتم,جسده,فابعثوا,فغرقت,المغاره,وادفنوني,11,11,10
455,تمتعوا,لموسعون,كالرميم,فعتوا,تذكرون,الماهدون,فرشناها,فنعم,بايد,والسما,11,11,11
456,والاجسام,الاعراض,محدثه,وطريقه,مقالات,الفلاسفه,بالاثر,احدث,بدعه,واياك,11,11,10
457,انعت,براحلته,ينما,اقودها,الطليعه,فاستقبلنا,طلقا,فندر,حقب,عرقه,11,10,11
458,يدفع,الزهد,واخرج,خلت,كرامات,الاوليا,بسند,والخلال,سبعه,فصاعدا,11,9,6
459,باي,تريد,واي,باعدته,وباي,وتريد,شهوه,والصديقين,تقف,قربته,11,11,11
460,الجدال,وجادلهم,تقرير,جادلتنا,فاكثرت,بالتي,جدالنا,الباطل,احسن,حرفه,11,11,9
461,جز,الايه,التيسير,البقره,الكهف,ال,عمران,انظر,الفجر,الدخان,11,10,1
462,غدوا,القبر,وعشيا,يعرضون,تقوم,ادخلوا,فرعون,نارا,اغرقوا,ال,11,11,9
463,الفطحل,الحسل,الوحل,والصخر,مبتل,بعكل,زمن,ازدرت,عمرت,تستبلي,11,10,10
464,ريق,متهم,عاصم,الذهبي,شفا,والحكم,متروك,وتاره,البخاري,ذكره,11,11,11
465,البيت,فوضعه,البدن,اهدي,الركن,زاويه,الياس,وانهدم,للناس,اول,11,11,11
466,الورق,الفضال,السمطين,يثيع,شواهد,مناقب,العدويه,معاذه,امنت,الامه,10,10,6
467,النجاه,مرتجف,ركبوها,متضرعا,بمجرد,بالطبع,يثق,يطلبون,موجوده,اقطار,10,10,10
468,لبنا,قفيزا,والكبه,فاناخ,بمحراب,والخشوع,لريا,اقتضا,فازداد,وقراوا,10,10,6
469,بابويه,بطنان,مناد,نادي,العرش,جعفر,صفوان,ابان,خليفه,الثمالي,10,10,8
470,العدد,المصابره,ابتلي,كابده,تسعماه,راس,مسوقه,وتثبيتا,واوصل,تسليه,10,10,10
471,الرقه,اقيادهما,المامون,طرسوس,المتوكل,قيده,وصلا,ليحدث,عانات,وصلي,10,10,9
472,مره,مرات,وعلي,اثنتي,عادل,اربع,ونزل,اربعماه,واربعين,وسنه,10,9,9
473,صوت,بمنزله,حمار,للنوح,قولك,يصوت,الحمام,اتقنتها,لفظك,وقولك,10,9,8
474,ادريس,واذكر,خاط,خط,بالقلم,المخيط,واول,درسه,الثياب,صديقا,10,10,10
475,وعدهم,يهد,الجمله,مغفره,تركنا,القول,يتقلبون,بالنون,مضمونه,ومضمونه,10,10,8
476,وصي,هبه,ورث,دور,نبي,الاوصيا,وورث,لمحمد,وصيا,وعلم,10,10,9
477,باعيننا,واصنع,تحزن,الفلك,ووحينا,استويت,تبتس,عذاب,مقيم,تذر,10,10,10
478,يمنون,لتعودن,الهدايه,ملتنا,لن,والايمان,عوتبوا,وبجواب,لتكونن,تنته,10,10,10
479,قحطان,ارفخشذ,يعرب,عابر,شالخ,اليمن,سام,فارس,وامهم,اللعن,10,10,10
480,ويافث,وحام,الحبش,عروبه,الروم,سمره,قتاده,روح,جندب,وسمره,10,9,7
481,عروبه,والمحفوظ,وهمام,قتاده,فانصتوا,والحجاج,ومعمر,رفعه,خالفهما,يضرهما,10,9,6
482,وعن,موالي,الكشي,اصيبت,لانفس,اشيم,صحيح,واقفي,اجساد,ياتيني,10,10,4
483,الغوط,ينابيع,غاط,عمق,الغاصه,وانسدت,حاض,غوط,الابعد,وابواب,10,10,10
