Topic,Count,t1,t2,t3,t4,booksInTopic,msCount,0845Maqrizi.ImtacAsmac.Shamela0001524-ara1,0845Maqrizi.Muqaffa.Shamela19Y0145334-ara1,0845Maqrizi.ItticazHunafa.Shamela0000176-ara1.completed,0845Maqrizi.Mawaciz.MAB02082022-ara1.completed,0845Maqrizi.Suluk.Shamela0006667-ara1.mARkdown,0845Maqrizi.IghathaUmma.Kraken210223142017-ara1
522,12,اباحة,المفسدة,باباحته,محظور,1,4,12.0,,,,,
556,11,ابراهيم,النجيح,مسرة,اليابري,2,5,1.0,10.0,,,,
123,47,ابرويز,خلون,اشهر,فولي,5,35,7.0,22.0,2.0,15.0,1.0,
616,10,ابعده,سالني,واجواف,العكلي,1,10,10.0,,,,,
72,97,ابن,عون,ابي,المصفي,2,4,95.0,2.0,,,,
47,162,ابو,الانصاري,سنان,العلاء,1,6,162.0,,,,,
40,204,اتباع,الامامة,القاءلون,المعتزلة,5,58,5.0,11.0,7.0,177.0,4.0,
313,19,اتقوا,واعملوا,تموتن,تقاته,3,11,10.0,6.0,,,3.0,
308,20,احب,انقذه,سواهما,يحبه,2,8,18.0,2.0,,,,
566,11,احدنا,الدنيا,ويبلغه,النعيم,4,6,1.0,5.0,,4.0,1.0,
530,12,اخبرني,تبارك,وتعالي,بلال,1,11,12.0,,,,,
164,36,اخشي,عليكم,الحوض,قبلكم,1,21,36.0,,,,,
205,29,اخفاءه,بالمكتوم,حذرا,دولتهم,3,11,,13.0,12.0,4.0,,
518,12,ادوار,فلسفية,بالرياضة,العالم,3,6,3.0,,,8.0,,1.0
65,109,ارسلان,قلج,كيخسرو,خان,4,66,,7.0,2.0,4.0,96.0,
470,14,ارطال,الصعلوك,بدرهم,خبزه,3,4,,5.0,3.0,,,6.0
257,23,ازج,وابهاه,اقرن,يتحدرن,1,8,23.0,,,,,
177,34,اسالك,ورب,وحب,اللهم,1,18,34.0,,,,,
494,13,استادراه,وموجود,الايدكاري,واستقر,1,12,,,,,13.0,
397,16,استامنت,باتيانك,رءيك,ادنه,1,15,16.0,,,,,
246,24,استعظاما,اعداده,احضرناك,يرض,4,24,,3.0,1.0,5.0,15.0,
404,15,اسقنا,غيثا,طبقا,مريعا,1,6,15.0,,,,,
159,37,اسماعيل,اسحاق,ابان,زكريا,2,9,34.0,3.0,,,,
200,30,اشهد,حي,اكبر,اله,2,10,27.0,,3.0,,,
108,55,اشهر,بعده,بالله,ايامه,4,30,,8.0,5.0,8.0,34.0,
36,230,اشهر,سنة,مدته,وعمره,5,136,2.0,48.0,42.0,99.0,39.0,
113,54,اشهر,وسبعماءة,سنة,المحرم,4,52,,30.0,4.0,11.0,9.0,
473,14,اشهر,وقام,وقيل,بعده,2,4,,4.0,,,10.0,
589,11,اصبغ,يشبلي,الخوانساري,المتتصر,2,8,,6.0,,,,5.0
338,18,اطرت,تطروني,كورت,يتساءلون,1,15,18.0,,,,,
324,19,اعيد,وصرف,القضاء,كدينة,2,13,,17.0,2.0,,,
482,13,اغيظ,ادحر,وتجاوز,الذنوب,1,9,13.0,,,,,
189,31,اقبالا,وصلنا,تلق,الاعمال,4,30,,7.0,4.0,4.0,16.0,
223,27,اقرا,قرات,زده,وكذا,1,15,27.0,,,,,
45,177,ال,رقم,اب,رقما,2,22,,175.0,,,,2.0
423,15,الابغا,جيهان,البيدمري,ارسطاي,2,14,,1.0,,,14.0,
174,34,الابن,المسيح,الاب,مريم,2,11,2.0,,,32.0,,
283,21,الاخناي,بسعي,النيابة,عشره,3,21,,1.0,,1.0,19.0,
550,12,الاخيار,فج,اسمهم,الكتمان,3,5,,4.0,2.0,6.0,,
142,42,الاذان,المءذنون,خير,حي,4,19,2.0,2.0,3.0,35.0,,
577,11,الارقم,الاكوع,قريظة,مهاجرة,2,10,10.0,1.0,,,,
371,16,الازار,القميص,مصروفه,الاساكفة,2,5,,,,3.0,13.0,
186,32,الاسرة,يجعلني,يضحكك,امتي,1,21,32.0,,,,,
39,206,الامراء,بيبرس,وسلار,السلطان,4,144,,44.0,4.0,6.0,152.0,
386,16,الاموات,الحفرة,الموتي,حفاءر,2,7,,,,,13.0,3.0
85,78,الاموات,يموت,الوباء,الديوان,3,38,,,,1.0,76.0,1.0
3,3730,الان,باب,الجامع,بجوار,5,812,,60.0,14.0,3465.0,181.0,10.0
441,14,الاهل,اللهم,السفر,وعثاء,1,6,14.0,,,,,
59,124,الاهوازي,قرمط,الدعوة,الشلعلع,4,46,1.0,61.0,44.0,18.0,,
415,15,الاوباش,الغوري,ويحوط,وهجما,3,11,,1.0,,3.0,11.0,
259,23,الاوس,والخزرج,يثرب,بيثرب,1,7,23.0,,,,,
426,15,الاويراتية,باي,اخواينبك,الجاليش,3,11,,2.0,,1.0,12.0,
258,23,الباطل,وزهق,زهوقا,صنم,2,7,20.0,,,3.0,,
56,133,البحر,بحر,المحيط,ويمر,3,37,,1.0,,131.0,1.0,
619,10,البرج,ويجيرني,مسلمين,يصطنعني,3,6,,4.0,,2.0,4.0,
357,17,البريد,قطليجا,حلب,الامير,2,16,,1.0,,,16.0,
344,18,التراب,القبر,الجدار,زمرا,1,12,18.0,,,,,
605,10,التشهد,صلاته,ليتخير,مساله,1,6,10.0,,,,,
496,13,التمساح,السقنقور,المعضوض,يشاكل,2,5,,2.0,,11.0,,
110,54,التوراة,شريعة,النطقاء,وسوسه,2,20,36.0,,,18.0,,
429,15,الثمانين,السلماني,وبرع,الانشاء,3,15,,4.0,,2.0,9.0,
361,17,الجزية,القرية,جزية,العشر,2,7,1.0,,,16.0,,
75,94,الجسر,الماء,جسر,الخليج,3,49,,3.0,,54.0,37.0,
355,17,الجوخ,يلبسون,وتنظيم,والطلاب,5,10,2.0,1.0,,10.0,2.0,2.0
417,15,الحبل,الممدود,منكوس,رجليه,2,5,,,,2.0,13.0,
256,23,الحجبة,متوليها,وتقديم,وابلاغ,2,12,,,1.0,22.0,,
403,15,الحديث,جمهان,حديث,الالفاظ,2,15,14.0,1.0,,,,
317,19,الحريق,حريق,النار,وقع,2,13,,,,8.0,11.0,
569,11,الحريق,نفط,وسريانها,وحيطان,2,9,,,,4.0,7.0,
599,10,الحسن,الحيان,البصري,شاذان,1,2,10.0,,,,,
382,16,الحسين,الحمداني,الحسن,حيدرة,2,8,1.0,15.0,,,,
31,257,الحسين,طالب,جعفر,الحسن,6,155,4.0,192.0,18.0,12.0,30.0,1.0
394,16,الخراجية,مالها,الهلالية,الاستيمار,3,10,,1.0,,12.0,3.0,
103,60,الخسف,ذريني,نارا,وسءدد,5,46,29.0,22.0,,4.0,4.0,1.0
25,292,الخليفة,الباب,والوزير,فاذا,4,100,,13.0,15.0,261.0,3.0,
109,55,الخمور,ومنع,ولعنهم,بالليل,4,36,,5.0,8.0,20.0,22.0,
526,12,الدراهم,الدرهم,االدراهم,اليوسفية,1,1,,,,,,12.0
237,26,الدغنة,ليغضبن,الاحلاف,المطيبون,2,20,24.0,2.0,,,,
591,11,الدمر,الهودج,بمكة,بقتل,3,8,,2.0,,5.0,4.0,
409,15,الدولة,عضد,شجاع,فنا,2,9,,10.0,,,5.0,
240,25,الذراع,ناولني,فناولته,للشاة,1,8,25.0,,,,,
117,51,الذمة,الاصبغ,سندر,اقطع,1,22,,,,51.0,,
145,41,الراشدين,المهديين,الاءمة,الطاهرين,4,17,1.0,31.0,7.0,2.0,,
48,152,الرافعي,وجهان,الماوردي,الطلاق,2,53,150.0,2.0,,,,
129,46,الراية,لاعطين,ورسوله,فاصيب,2,15,44.0,2.0,,,,
413,15,الرب,الفارقليط,حكاية,يعلمكم,2,6,13.0,,,2.0,,
206,29,الربانيين,صوم,عيد,بخت,1,9,,,,29.0,,
217,27,الرجس,تطهيرا,ويطهركم,ليذهب,2,11,25.0,2.0,,,,
212,28,الرجم,اخبرتني,اسالك,والعزي,1,19,28.0,,,,,
26,284,الرحمن,عبد,عبيد,عاصم,2,34,282.0,2.0,,,,
221,27,الرحمن,عبد,مرهف,مدرك,3,13,1.0,24.0,,,,2.0
447,14,الركن,استلم,يهرول,فصلي,2,11,13.0,1.0,,,,
276,21,الرملة,افتكين,القرامطة,طبرية,4,16,,2.0,15.0,3.0,1.0,
484,13,الزروع,الغلال,سفكهم,القمح,2,11,,,,,11.0,2.0
311,19,الزقوم,الجحيم,بزبد,تزقموا,3,12,15.0,2.0,,2.0,,
345,18,الزهد,ادهم,تشتروه,ارخصوه,2,13,,16.0,,2.0,,
341,18,الزهري,رواه,عروة,حديثه,2,15,16.0,2.0,,,,
208,28,السابح,عثيم,ولاهز,ناصح,3,16,,24.0,,3.0,1.0,
372,16,السفن,حفره,الرمادة,العاص,1,11,,,,16.0,,
22,297,السلطان,النشو,منه,فلم,4,218,,79.0,15.0,27.0,176.0,
126,46,السلطان,غرلو,غزة,الوثوب,4,46,,9.0,1.0,4.0,32.0,
201,29,السلف,دنانير,دينارا,قصبة,1,5,,,,29.0,,
312,19,السورة,ضعوا,اريناك,القران,1,11,19.0,,,,,
52,139,السيفي,واقبغا,وارغون,المحمدي,3,41,,,1.0,3.0,135.0,
15,500,الشافعي,حنبل,وعن,سمعت,3,147,5.0,493.0,,2.0,,
322,19,الشافعي,قولي,الماءة,الكرابيسي,2,9,3.0,16.0,,,,
367,17,الشفاعة,شفاعات,النار,شفاعة,1,4,17.0,,,,,
456,14,الشكران,جفن,الردي,بقصيدة,3,14,,12.0,1.0,,1.0,
497,13,الشمس,الشعاع,الهواء,يناله,3,4,3.0,6.0,,4.0,,
520,12,الصاحبية,ترجل,مسارج,ذواءب,2,12,,,,1.0,11.0,
326,19,الصالح,للصالح,حمص,صاحب,4,16,,1.0,1.0,1.0,16.0,
449,14,الصف,سجد,السجدتين,وسجد,1,6,14.0,,,,,
320,19,الصفحة,كداء,كربلاء,قاشان,1,1,19.0,,,,,
69,101,الصلاة,التشهد,وجوب,المسء,2,39,100.0,,,1.0,,
104,60,الصلاة,اله,التشبيه,صل,1,34,60.0,,,,,
272,22,الصليحي,المكرم,نجاح,جياش,1,6,,,,22.0,,
481,13,الضرب,مقررة,والقاهرة,موازينهم,2,10,,2.0,,11.0,,
455,14,الطوق,خلعهم,المحلاة,والاسورة,3,7,,,2.0,11.0,1.0,
7,1222,الطويل,الهوي,الكامل,قلبي,5,477,51.0,964.0,21.0,149.0,37.0,
63,110,العبد,المريد,الاسباب,علامة,5,40,6.0,92.0,,7.0,4.0,1.0
551,12,العجول,عباءته,عشره,بيدرا,3,10,,3.0,,1.0,8.0,
153,39,العماءم,النصاري,الزرق,يركبوا,4,18,,9.0,4.0,11.0,15.0,
385,16,الغلة,للديوان,روزنامج,روزنامجات,4,6,,5.0,5.0,,1.0,5.0
549,12,الغوري,اعاده,فمجته,فلزما,3,12,,2.0,,1.0,9.0,
84,79,الف,درهم,مبلغ,المرتبات,5,63,,11.0,5.0,14.0,47.0,2.0
13,600,الف,دينار,ووجد,ذهب,5,229,1.0,88.0,158.0,203.0,150.0,
336,18,الفء,الغنيمة,اخماس,الغانمين,1,7,18.0,,,,,
538,12,الفا,بيحيي,ابنتك,سبعين,2,6,8.0,4.0,,,,
140,43,الفا,دينارا,بابة,وثلاثون,4,9,,3.0,2.0,36.0,2.0,
498,13,الفال,طيرة,عدوي,واحب,1,4,13.0,,,,,
167,36,الفداء,فودي,باللامش,وانثي,2,7,,3.0,,33.0,,
24,296,الفرنج,المسلمين,المسلمون,منهم,4,156,,47.0,28.0,26.0,195.0,
572,11,الفرنج,دمياط,مراكبهم,فارسكور,3,11,,,1.0,5.0,5.0,
376,16,الفرنج,عكا,ووالت,صيدا,3,15,,,2.0,4.0,10.0,
393,16,الفريابي,يمان,معين,ثقة,2,12,7.0,9.0,,,,
527,12,الفستق,الملبس,بالسكر,لب,4,6,,1.0,3.0,7.0,1.0,
297,20,الفضل,مقاتل,الركين,فضالة,1,4,20.0,,,,,
79,83,الفعل,الوجوب,القول,واجبا,1,23,83.0,,,,,
610,10,القافية,الابيات,عدد,الموضع,1,1,10.0,,,,,
178,34,القرمطي,الرملة,القرامطة,بجكم,4,31,,15.0,10.0,8.0,1.0,
533,12,القسم,والقسم,المهن,والاجراء,2,4,1.0,,,,,11.0
266,22,القليل,المشاهدة,اشق,الكثير,3,12,2.0,3.0,,,,17.0
166,36,القنب,الشهدانج,يروق,الدرجة,1,9,,,,36.0,,
154,39,القوة,الحس,الملاءكية,الادراك,1,5,39.0,,,,,
493,13,القيروان,وخافته,زناتة,بابك,3,10,,7.0,3.0,3.0,,
192,31,الكافة,النظر,ورعاية,مصالح,4,15,,3.0,9.0,17.0,2.0,
623,10,الكتب,خزاءن,مفصلة,جملا,3,6,,6.0,,1.0,3.0,
136,44,الكعبة,اوسط,سمت,الجنوب,1,9,,,,44.0,,
229,26,الكعبة,مقابلة,الجهة,استقباله,1,6,,,,26.0,,
581,11,الكناءس,كناءس,الجمعة,كنيستين,2,3,,,,7.0,4.0,
68,103,الكواكب,زحل,برج,الفلك,2,23,,,,101.0,2.0,
555,11,اللبنة,لبنة,كمثل,واكملها,1,2,11.0,,,,,
91,70,اللهم,بارك,اغفر,اهد,1,10,70.0,,,,,
381,16,المءمنين,الامام,بالله,بامر,2,9,,14.0,,,2.0,
303,20,المال,يتيا,فيمدون,ويشرءبون,4,13,,4.0,,5.0,7.0,4.0
459,14,المامون,ارسانها,نخيلة,المءمنين,1,14,,14.0,,,,
453,14,المجاهدة,وقبره,بزيارته,هيءته,2,13,,11.0,,,3.0,
203,29,المخازن,وتتلف,مشتراها,ويفيد,5,19,,2.0,3.0,7.0,5.0,12.0
485,13,المخطرطة,وبزر,الاراضي,اسياب,3,10,,,,1.0,5.0,7.0
395,16,المدارج,لمتولي,والضيوف,والرواض,1,10,,,,16.0,,
74,94,المدعو,المعجزة,التحدي,الداعي,3,35,48.0,1.0,,45.0,,
408,15,المربا,الشاشات,دكانا,لبيع,3,15,,,1.0,2.0,12.0,
365,17,المرتجز,افراس,السكب,محجلا,2,9,16.0,,,1.0,,
78,84,المروة,راحلته,عرفة,التروية,3,26,73.0,9.0,,2.0,,
412,15,المزي,المقصودون,الزكي,القضاة,3,13,,8.0,,1.0,6.0,
554,11,المستعصمية,ملكة,الملك,البرواناه,3,10,,1.0,,3.0,7.0,
571,11,المستعين,بالمعتز,واسط,طولون,4,9,,6.0,1.0,3.0,1.0,
384,16,المستنصر,العلاجي,الفلاحي,افضت,2,10,,,8.0,8.0,,
183,32,المسيح,عيد,وعيد,ويزعمون,1,10,,,,32.0,,
190,31,المعتزلة,مذهب,الالحاد,وذموا,4,20,,9.0,7.0,14.0,1.0,
141,43,المغرم,فذكرا,لكلامهما,لاخبرت,4,36,,20.0,4.0,5.0,14.0,
214,28,المقدس,اسري,الاسراء,عرج,1,13,28.0,,,,,
156,39,المقدس,بسنة,مبعثه,بمكة,2,16,38.0,1.0,,,,
390,16,المنبر,الجذع,فصنع,يراك,1,7,16.0,,,,,
354,17,المنبر,الخطبتين,فخطب,وشفيع,3,9,,,5.0,4.0,8.0,
122,48,المنكبين,بالطويل,بالقصير,ضخم,1,19,48.0,,,,,
127,46,المهدي,اليسع,سجلماسة,بسلمية,3,23,,28.0,12.0,6.0,,
400,15,المهدي,نعتقد,بالايات,شككنا,3,7,,10.0,3.0,2.0,,
242,25,المهدي,ويملك,واطاعني,طوبي,3,16,,14.0,6.0,5.0,,
287,21,المهديين,الطيبين,الاكرمين,لقدرتك,3,13,,16.0,4.0,,1.0,
57,126,الموطن,مواطن,الصلاة,النبي,1,53,126.0,,,,,
121,48,النحر,عيد,وخطب,قافلة,3,28,,,39.0,5.0,4.0,
503,13,النساء,اكمام,وقطعها,القمصان,2,4,,,,1.0,12.0,
150,40,النصاري,وسم,وتاريخه,الاعمال,4,26,,5.0,3.0,13.0,19.0,
132,45,النوبة,اسوان,الجنادل,بلد,2,26,,1.0,,44.0,,
617,10,الهدي,فنحر,بدنة,البدنة,2,6,8.0,2.0,,,,
346,18,الهلالية,ادوار,بالعشري,المداخلة,2,12,,,,16.0,2.0,
19,350,الهواء,النيل,الصيف,الماء,4,73,5.0,4.0,,338.0,,3.0
1,7055,الوافي,ترجمة,الدرر,المخطوط,6,570,254.0,5607.0,9.0,24.0,2.0,1159.0
333,18,الوز,رقم,وز,ال,1,2,,18.0,,,,
469,14,الوزراء,الاجل,النابلسي,الاءمة,3,13,,6.0,7.0,1.0,,
147,41,الوهم,الحديث,ضعفه,الحديثين,2,29,40.0,1.0,,,,
609,10,الويتنا,وتضلل,عقدنا,تشتم,1,9,10.0,,,,,
23,297,اليعاقبة,بطرك,فاقام,بطركا,5,55,5.0,3.0,,278.0,10.0,1.0
514,12,اليقين,حصل,واثبات,ومجانبة,3,9,10.0,,1.0,1.0,,
81,80,اليهودي,بشعرها,فحاول,وبالمسلمين,4,54,,31.0,2.0,26.0,21.0,
396,16,امنوا,وكيع,للذين,ايها,1,6,16.0,,,,,
307,20,انج,اللهم,نج,وطاتك,1,7,20.0,,,,,
236,26,انجيل,المسيح,الاناجيل,النصاري,3,9,17.0,,,8.0,1.0,
332,19,انديتهم,حدثني,نراهم,هءلاء,1,16,19.0,,,,,
356,17,انيس,فزت,وحدثني,اوزاع,1,15,17.0,,,,,
215,28,انيس,مالكه,صبوت,نعم,2,26,22.0,6.0,,,,
460,14,اهتزازا,بريح,الارض,واهتز,4,9,5.0,,2.0,1.0,6.0,
588,11,اهتم,اهتماما,مءتمن,ساقية,2,7,,,1.0,10.0,,
504,13,اهلت,فارغه,وسبعماءة,وتنتك,3,13,,2.0,,1.0,10.0,
593,11,اهلهم,حناطة,قريشا,اذل,1,11,11.0,,,,,
41,198,او,يستتاب,سبه,حكم,4,53,174.0,3.0,,20.0,,1.0
199,30,اوله,الشهر,شهر,الاربعاء,3,30,,,2.0,1.0,27.0,
120,49,اي,اشم,المنحدر,الانف,2,11,48.0,,,1.0,,
114,53,ايدمر,اقوش,ايبك,دغدي,2,12,,52.0,,,,1.0
86,78,بادشاه,ليحضر,بيبرس,السلطان,4,64,,14.0,1.0,4.0,59.0,
209,28,بالاحواش,وحملها,ضرره,الحمالين,5,24,,3.0,1.0,10.0,12.0,2.0
364,17,بالبكا,الكهيف,حاجر,حامد,2,17,,15.0,,,2.0,
583,11,بالتصاوير,العجيبة,الملون,والنقوش,1,9,,,,11.0,,
562,11,بالخجل,ومصابيح,واخرة,وحبهم,5,9,1.0,4.0,1.0,3.0,2.0,
285,21,بالسواد,بالطف,وقيل,صابغ,3,18,2.0,13.0,,6.0,,
138,43,بالضرورة,الصديق,كفر,كافر,1,17,43.0,,,,,
330,19,بالله,المستمسك,بقصور,جلس,2,16,,14.0,,5.0,,
213,28,باي,وسودن,واينال,ويلبغا,2,23,,3.0,,,25.0,
587,11,بجبنة,زمزم,يضربونها,سقيت,1,9,11.0,,,,,
241,25,بدلة,حريري,مذهبة,وبرسم,1,7,,,,25.0,,
389,16,برج,شمسية,الف,الكون,2,10,,2.0,,14.0,,
67,104,برسم,والمطلق,والاستاذين,الخاص,5,53,1.0,17.0,2.0,81.0,3.0,
280,21,بصير,رمحه,تءذونه,وتهجونه,2,19,20.0,,,1.0,,
618,10,بطا,فبش,والبغلة,ووصاه,4,10,,2.0,2.0,1.0,5.0,
262,23,بعدها,مفتوحة,ساكنة,المهملة,3,7,2.0,20.0,,1.0,,
606,10,بعلبك,للمصريين,والرحبة,بهدايا,2,10,,,2.0,,8.0,
442,14,بفرثها,البرير,رواحة,اصابته,1,14,14.0,,,,,
457,14,بقيتا,اوراس,الفسطاط,فقتلا,3,13,,9.0,,4.0,1.0,
528,12,بقيودهم,فاطلقوا,يال,ليسيروا,2,11,,,,1.0,11.0,
135,44,بكتمر,لبكتمر,السلطان,يكره,5,34,,22.0,1.0,11.0,9.0,1.0
270,22,بكر,ابو,اسحاق,حزام,2,3,21.0,1.0,,,,
511,13,بلادكم,وعليكم,تمنعوا,ابتناه,2,4,,,,12.0,1.0,
245,24,بلبان,بكتوت,سيف,العلاءي,1,4,,24.0,,,,
548,12,بمفاتيح,بالرعب,الكلم,ناءم,1,4,12.0,,,,,
542,12,بنبوته,اسرافيل,والشء,فتوفيت,1,11,12.0,,,,,
8,1113,بنت,الحارث,وام,عوف,5,390,811.0,260.0,3.0,35.0,4.0,
34,240,بنت,ام,فاطمة,اسماء,2,10,179.0,61.0,,,,
111,54,بنو,محارب,ذبيان,الحشحاش,1,1,54.0,,,,,
454,14,بويع,لدين,بالله,المستكفي,4,12,,3.0,1.0,6.0,4.0,
61,115,بيروت,تحقيق,العلمية,دار,2,12,111.0,,,,,4.0
207,29,بيموند,عشرينه,وفي,وعقل,4,29,,2.0,1.0,2.0,24.0,
295,20,تاريخ,لابن,للذهبي,طبقات,1,5,,20.0,,,,
474,13,تاولا,ورقها,المشارقة,ارجلهم,4,10,,1.0,2.0,8.0,2.0,
271,22,تبارك,وتعالي,اخبرني,عاءشة,1,18,22.0,,,,,
248,24,تبارك,وتعالي,ثنا,رضي,1,23,24.0,,,,,
595,11,تبارك,وتعالي,وليلتها,عاءشة,1,9,11.0,,,,,
450,14,تت,اا,فق,تة,1,1,,,,,,14.0
300,20,تخرب,معصية,الخراب,امنة,3,15,15.0,3.0,,2.0,,
471,14,تخرم,بعطن,المنامات,نزعه,2,12,12.0,2.0,,,,
500,13,ترتيبها,اجمعها,والفراشين,فانظرها,4,10,,1.0,3.0,8.0,1.0,
380,16,تسبيحة,سبحت,ركعة,سجدة,3,5,,,7.0,6.0,3.0,
559,11,تسمي,غوثة,وورسة,وسقيا,1,3,11.0,,,,,
94,69,تشاء,منهن,ترجي,وتءوي,1,24,69.0,,,,,
537,12,تشهد,وتشميت,الصلاة,بواجبة,1,9,12.0,,,,,
30,267,تعالي,الانبياء,القران,معجزة,5,135,254.0,4.0,2.0,6.0,1.0,
211,28,تعطه,تشفع,وسل,واشفع,1,8,28.0,,,,,
375,16,تعمد,يجوز,منفرا,الخلاف,1,9,16.0,,,,,
531,12,تغري,ولاية,باستقرار,المجنون,1,12,,,,,12.0,
235,26,تفضيل,وذهب,قول,افضل,3,17,23.0,2.0,,,1.0,
334,18,تقوم,الساعة,امتي,تزال,1,10,18.0,,,,,
314,19,تلمسان,فاس,قفصة,مرين,3,14,,8.0,4.0,,7.0,
437,14,تمكنه,والتجار,مالا,مهابته,4,13,,4.0,1.0,3.0,6.0,
573,11,تنازعتم,وقوله,والرسول,لولا,3,10,8.0,2.0,,,1.0,
210,28,تهبها,شكار,بركات,فتخبره,4,28,,7.0,3.0,3.0,15.0,
440,14,ثقبة,عجلان,بعجلان,حافين,3,10,,4.0,3.0,,7.0,
66,106,ثلثماءة,الف,يوما,السنة,2,40,2.0,,,104.0,,
557,11,ثم,قوله,اقسم,حم,1,2,11.0,,,,,
513,13,جءت,الاذل,فجاج,وصفوان,1,13,13.0,,,,,
282,21,جاهلي,للفاخرين,البعيث,فاحق,3,19,3.0,16.0,,2.0,,
191,31,جبريل,امرتني,اجدني,واجدني,1,13,31.0,,,,,
292,21,جبريل,ويقتدي,جامعة,ويءم,1,2,21.0,,,,,
277,21,جرافة,تقادما,بستماءة,وقاس,3,19,,1.0,,6.0,14.0,
524,12,جرجس,جرمك,جرجي,مينا,2,7,,8.0,,,,4.0
250,24,جزاءر,فنحر,بالجحفة,اصبحوا,2,19,23.0,1.0,,,,
506,13,جزافا,يبيعوه,رحالهم,يضربون,1,4,13.0,,,,,
465,14,جند,الملاءكة,وميكاءيل,ميمنة,1,8,14.0,,,,,
552,11,جواءز,دوابها,ولكل,وخمسون,3,10,,3.0,,1.0,7.0,
158,38,جودي,وقالت,المصطفي,واندبي,2,11,37.0,1.0,,,,
281,21,جويرية,المصطلق,قومها,اصهار,1,15,21.0,,,,,
343,18,حاجبا,بهادر,تنكز,واصله,3,18,,6.0,,2.0,10.0,
434,15,حجير,بابيه,ليقتله,فريضة,1,12,15.0,,,,,
234,26,حدثتني,جدتي,يقلب,عبيط,3,7,13.0,10.0,,3.0,,
490,13,حدثنا,الاسناد,بالتامين,وتهليل,2,13,12.0,1.0,,,,
98,63,حدثنا,الهجيمي,المسحاة,حديث,2,56,62.0,1.0,,,,
88,75,حدثنا,تبارك,وتعالي,الصلاة,1,42,75.0,,,,,
197,30,حدثنا,تبارك,وتعالي,حديث,1,28,30.0,,,,,
58,125,حدثنا,حديث,طريق,عن,2,113,123.0,,,2.0,,
89,74,حدثنا,حديث,عن,اخبرنا,1,66,74.0,,,,,
16,444,حدثنا,حديث,عن,وخرجه,3,329,428.0,12.0,,4.0,,
96,66,حدثني,حدثنا,عن,اخبرني,2,62,65.0,1.0,,,,
80,82,حديث,حدثنا,وخرجه,طريق,2,71,81.0,1.0,,,,
598,10,حديثا,تظلني,تقلني,رويت,2,3,1.0,9.0,,,,
505,13,حراما,يحسنهما,محرما,واشبههما,1,11,13.0,,,,,
293,21,حرف,الايويي,وكي,الوحشي,2,9,,10.0,,,,11.0
544,12,حرف,حرفالعين,الزاي,الفاء,1,2,,,,,,12.0
264,22,حريرة,صورة,بابا,اتعرفون,3,5,20.0,,1.0,1.0,,
612,10,حشما,ابحرت,بقيسرية,حظوته,3,10,,4.0,,2.0,4.0,
546,12,حصون,ايدي,فاشترط,فاجاب,2,3,,5.0,7.0,,,
161,37,حكيما,انزل,القران,احرف,1,22,37.0,,,,,
51,144,حلب,عسكر,ناءب,دمشق,4,118,,19.0,2.0,2.0,121.0,
243,25,حمده,الحامدين,حمد,الحمد,1,8,25.0,,,,,
448,14,حيدة,حدثني,الزهري,كعب,1,13,14.0,,,,,
604,10,خاءنة,الاتفاقية,الكلام,الاعين,2,10,9.0,,,1.0,,
95,66,خاتما,فصه,فضة,اتخذ,1,15,66.0,,,,,
391,16,خالد,خباب,زياد,صفوان,1,4,16.0,,,,,
541,12,خالد,هريم,المعافري,الساءب,2,7,4.0,8.0,,,,
157,38,خطة,تاخذ,لخم,الخطة,1,12,,,,38.0,,
171,35,خلع,واستقر,ولاية,عوضا,3,30,,1.0,,1.0,33.0,
134,44,خليج,الاعظم,وينتهي,الخليج,2,21,,,,41.0,3.0,
584,11,خولا,دغلا,اتخذوا,دولا,1,3,11.0,,,,,
340,18,خيول,مهنا,وانسابها,العرب,3,6,,1.0,,8.0,9.0,
392,16,دباء,الدباء,ومرقا,يلعبان,1,11,16.0,,,,,
99,63,درجة,الاقليم,ساعة,القطب,1,17,,,,63.0,,
10,813,درهما,دراهم,الفلوس,الاردب,6,290,2.0,9.0,43.0,21.0,557.0,181.0
339,18,دعوتي,شفاعة,لامتي,دعوة,1,6,18.0,,,,,
33,242,دير,كنيسة,الدير,وكنيسة,3,41,,2.0,,237.0,3.0,
615,10,دينار,ولكل,امراء,ولمن,3,9,,,2.0,2.0,6.0,
194,31,دينارا,رسوم,ماءتان,دينار,1,3,,,,31.0,,
249,24,دينارا,ولكل,دنانير,يجتاز,3,5,,3.0,9.0,12.0,,
337,18,دينارين,للمسلمين,فيءا,قريات,1,8,,,,18.0,,
21,299,ذراعا,اصابع,اصبعا,النيل,5,164,,3.0,9.0,14.0,268.0,5.0
227,26,ذراعا,اصبعا,اللجة,الاثني,3,11,,,,23.0,2.0,1.0
170,35,ذهب,وحمل,مذهبة,وقلد,4,22,,11.0,15.0,3.0,6.0,
512,13,راءق,احمدبن,شيبان,بجكم,3,11,,11.0,1.0,1.0,,
107,56,راسا,الساباط,ناقة,عليقة,4,43,,9.0,4.0,32.0,11.0,
430,15,راني,المنام,يتمثل,الشيطان,1,3,15.0,,,,,
349,18,راية,ولواء,وراية,يحملها,1,3,18.0,,,,,
232,26,رايت,بينا,ناءم,المنام,3,10,23.0,2.0,,1.0,,
585,11,رحمتك,الدعاء,ابواب,وليقل,1,10,11.0,,,,,
590,11,رسغاي,خلع,واستقر,الخاص,2,11,,1.0,,,10.0,
4,2740,رسول,وسلم,صلي,عليه,3,1081,2708.0,26.0,,6.0,,
613,10,رضي,تبارك,وتعالي,عاءشة,1,10,10.0,,,,,
305,20,رق,يث,هيعة,وين,1,2,,20.0,,,,
29,268,رقم,ارقام,رقما,ابن,2,24,,267.0,,,,1.0
222,27,ركعات,يسلم,اخرهن,يجلس,1,7,27.0,,,,,
478,13,رواتب,ووفر,وغلمان,وقطعت,3,6,,2.0,,2.0,9.0,
529,12,روينا,تكونا,قصة,وتشبه,2,11,11.0,1.0,,,,
432,15,زر,جبريل,حافاته,جناح,1,7,15.0,,,,,
82,80,زلزلة,زلزلت,شظا,عادت,5,41,24.0,6.0,9.0,6.0,35.0,
139,43,زملوني,المدثر,بحراء,فانذر,1,14,43.0,,,,,
402,15,زنكي,شيركوه,تكريت,ايوب,4,8,,1.0,3.0,3.0,8.0,
383,16,زينت,تخت,الغاشية,التخت,3,16,,3.0,,1.0,12.0,
387,16,سعد,ليث,القرظ,طريف,1,1,16.0,,,,,
175,34,سعيد,سفيان,راشد,القداح,1,2,34.0,,,,,
624,10,سقاها,هز,كميا,القناة,3,9,1.0,8.0,,1.0,,
601,10,سليمان,الشيباني,سحيم,عبلة,1,2,10.0,,,,,
180,33,سمرة,سفينة,يزال,عزيزا,2,23,31.0,2.0,,,,
602,10,سندر,مسروح,زنباع,الخصي,3,8,1.0,7.0,,2.0,,
218,27,سهم,السهمان,شاة,سهمان,2,17,26.0,,,1.0,,
424,15,سوارين,فاولتهما,فنفختهما,فطارا,2,8,14.0,1.0,,,,
12,614,سورة,الذين,امنوا,ورسوله,6,141,526.0,21.0,13.0,24.0,3.0,27.0
273,22,سويتهم,محصرينا,الناظرينا,سوينا,3,19,18.0,2.0,,2.0,,
50,145,شادي,ايوب,الملك,المظفر,4,96,,44.0,,15.0,85.0,1.0
128,46,شاور,ثمال,مرداس,ضرغام,5,37,,16.0,15.0,10.0,4.0,1.0
148,40,شاور,ضرغام,عسكر,الدربند,4,35,,3.0,6.0,9.0,22.0,
38,214,شعره,ومن,الكامل,وستماءة,4,175,,196.0,3.0,8.0,7.0,
294,21,شفاء,شفاءك,سقما,يغادر,1,13,21.0,,,,,
405,15,شكورا,افلا,ذنبك,قدماه,2,7,14.0,1.0,,,,
444,14,شلقان,الجسرين,ومبشر,واسفل,4,7,,7.0,4.0,1.0,2.0,
576,11,شمط,يخضب,اذنيه,شعر,1,7,11.0,,,,,
436,14,شيبتني,هود,حرف,بارك,1,8,14.0,,,,,
90,73,شيركوه,شاور,الفرنج,هولاكو,4,49,,6.0,10.0,19.0,38.0,
439,14,صا,لولده,اشمون,واعطي,1,8,,,,14.0,,
421,15,صار,قلاوون,الخدم,الناصر,3,15,,3.0,,7.0,5.0,
350,18,صداق,جسورها,فتعدل,بضاعة,4,15,,2.0,1.0,14.0,,1.0
155,39,صدقة,اهدية,شبع,لاكلتها,1,19,39.0,,,,,
112,54,صل,مجيد,ال,صليت,1,21,54.0,,,,,
131,45,صلاة,مسجدي,الحرام,افضل,2,15,41.0,,,4.0,,
187,32,صلاها,صلاة,خلفه,بالناس,1,9,32.0,,,,,
42,197,ضعيف,معين,حديثه,متروك,2,100,157.0,40.0,,,,
416,15,طاردهم,يطاردون,وانفل,مذكورون,4,13,,2.0,2.0,5.0,6.0,
614,10,طالب,الحسن,موسم,ووجدانه,4,10,,6.0,1.0,1.0,2.0,
267,22,طالب,الصادق,الحسين,اسماعيل,5,17,1.0,7.0,7.0,6.0,1.0,
18,385,طليحة,خالد,طيء,المشركين,4,192,370.0,12.0,1.0,2.0,,
11,664,طويل,كامل,بسيط,وافر,3,62,10.0,653.0,,1.0,,
516,12,طويل,وافر,الماما,لليلك,1,10,,12.0,,,,
77,84,ظاهرين,تقوم,امتي,الساعة,2,40,83.0,,,1.0,,
304,20,عارضني,سارني,جبريل,مرتين,2,17,18.0,2.0,,,,
163,37,عاقلا,الهمة,الاخلاق,حافظا,4,26,,21.0,2.0,2.0,12.0,
291,21,عبرات,بزويلة,وتساقطت,والهناء,3,19,,3.0,,7.0,11.0,
265,22,عثمان,موهب,المغيرة,طالوت,1,4,22.0,,,,,
298,20,عشره,وعاد,وفي,للمغاربة,2,19,,,1.0,,19.0,
204,29,عشريه,يطلع,الفجر,عشره,1,8,,,,29.0,,
70,98,عقب,اسماعيل,وولد,فولد,4,20,5.0,14.0,71.0,8.0,,
225,26,علو,وتقريبه,تعالي,وارادته,1,20,26.0,,,,,
54,135,علياء,سيده,خندف,نطاق,3,56,88.0,7.0,,40.0,,
525,12,عليك,نصلي,صليت,مجيد,1,8,12.0,,,,,
-1,129784,عليه,الي,قال,من,6,3802,40677.0,29260.0,7216.0,20902.0,30609.0,1120.0
401,15,عمده,وطول,اذرع,جريد,1,6,15.0,,,,,
427,15,عمر,التسارعي,اليعلمي,عيسي,1,5,,15.0,,,,
168,35,عمر,الدرفس,الغادية,غياث,1,1,35.0,,,,,
489,13,عمرة,حجته,اعتمر,اعتمرها,1,10,13.0,,,,,
149,40,عمرو,الوليد,معاوية,عتبة,1,8,40.0,,,,,
106,58,عندنا,وسيوفنا,وخنتم,الغطاء,5,19,1.0,21.0,3.0,2.0,31.0,
622,10,عنكما,المقداد,فنجا,يلقي,1,9,10.0,,,,,
172,35,عوضا,قضاء,السر,كتابة,2,28,,1.0,,,34.0,
9,937,عوضا,واستقر,قضاء,الدين,4,521,,42.0,4.0,35.0,856.0,
43,189,عيسي,موسي,محمد,احمد,3,74,2.0,186.0,,,,1.0
347,18,فاتوا,اوحينا,مفتريات,تعالي,1,14,18.0,,,,,
64,109,فاس,تونس,المريني,الموحدين,4,74,,20.0,3.0,2.0,84.0,
301,20,فانصرفوا,فتهاون,متكافءين,لاستخفافه,4,18,,11.0,4.0,2.0,3.0,
445,14,فتشبث,عامكم,فسماهم,جدب,2,13,13.0,1.0,,,,
316,19,فجعلني,خيرهم,جعلهم,فسكتوا,1,9,19.0,,,,,
130,46,فخر,تنشق,القيامة,وانا,1,10,46.0,,,,,
193,31,فرجعت,امتك,ربك,التخفيف,1,11,31.0,,,,,
169,35,فرعون,شاءوا,تعالي,الايكة,6,23,2.0,3.0,1.0,27.0,1.0,1.0
479,13,فسبحن,فوضعهن,فخرسن,ناولهن,1,3,13.0,,,,,
278,21,فسطاط,الفسطاط,العاص,يوقد,1,17,,,,21.0,,
521,12,فصل,مغانم,اعلم,حروبه,1,10,12.0,,,,,
464,14,فصلي,صل,حين,اتاه,1,4,14.0,,,,,
398,16,فصلي,صليت,فامني,فصليت,1,6,16.0,,,,,
523,12,فقاتلا,وربك,قاعدون,مقاتلون,1,5,12.0,,,,,
2,4889,فقال,الكوفة,الحجاج,مروان,6,1321,398.0,3302.0,201.0,848.0,136.0,4.0
55,135,فقال,رسول,والله,يا,3,95,132.0,2.0,,1.0,,
360,17,فقصصتها,العروة,فرقيت,استمسك,1,6,17.0,,,,,
539,12,فقلت,صبوت,فعلت,واجاف,2,9,10.0,2.0,,,,
299,20,فلينصرف,ويبكر,زيدان,برجوان,4,16,,3.0,6.0,5.0,6.0,
519,12,فمها,عينان,وسواد,اظافر,2,10,,,,7.0,5.0,
92,70,فياتون,فيقول,هناكم,اءتوا,2,23,69.0,1.0,,,,
284,21,فيتكلمون,خراسانيون,ثعلب,فتشوف,4,18,,7.0,1.0,9.0,4.0,
422,15,فيتوجه,طاز,للعامة,روس,3,14,,1.0,,4.0,10.0,
261,23,فينتقم,اثما,ايسرهما,امرين,1,6,23.0,,,,,
182,33,قالت,السراويل,الغار,ايتمت,2,27,23.0,10.0,,,,
160,37,قالت,فتبعته,قلت,لاتبعنه,3,31,34.0,1.0,,2.0,,
407,15,قبلاي,ادي,سنجر,عمه,4,10,,3.0,3.0,1.0,8.0,
574,11,قتله,طالب,عقيل,هاني,1,2,,11.0,,,,
87,76,قرا,وقرا,التابعون,النجود,2,15,74.0,2.0,,,,
288,21,قرا,يلوك,قيصرية,لمحاصرة,2,14,,1.0,,,20.0,
238,26,قريش,والله,صياصي,واطامها,2,24,23.0,3.0,,,,
185,32,قضاء,عوضا,القفصي,المالكية,2,26,,1.0,,,31.0,
20,342,قلاوون,الخدم,ترقي,المماليك,4,199,,232.0,,53.0,52.0,5.0
379,16,قلاوون,وسبعماءة,فباشر,الظاهر,3,16,,9.0,,6.0,1.0,
46,167,قماش,ضريبة,قرمطية,الاقباط,2,12,1.0,166.0,,,,
35,233,قيس,ربيعة,مالك,عامر,2,30,232.0,1.0,,,,
115,53,قيل,مرحبا,فاستفتح,جبريل,1,13,53.0,,,,,
487,13,كالبركة,فيبقي,فتنبهوا,الجرن,3,11,,6.0,,5.0,2.0,
37,217,كثير,نهر,حبرون,سجن,3,13,38.0,167.0,,,,12.0
475,13,كخ,الصدقة,قط,فجعلها,1,11,13.0,,,,,
321,19,كرحمان,بنهيهم,انسة,اطلع,1,13,19.0,,,,,
558,11,كرنبس,كنز,عاملة,والفرنج,3,11,,1.0,1.0,,9.0,
410,15,كفروا,انسيتم,الملاءكة,واذ,2,12,14.0,1.0,,,,
179,33,كفن,اثواب,قميص,عمامة,1,8,33.0,,,,,
592,11,كفيه,شقيق,قفده,قفدني,1,11,11.0,,,,,
594,11,كهلان,ساكني,جحدر,جديس,1,2,,11.0,,,,
279,21,كيغلغ,طغج,تكين,مقدمته,2,8,,18.0,,3.0,,
28,274,لابن,شرح,لاسامة,مماتي,1,21,,274.0,,,,
181,33,لاحق,فثقوا,ودركا,فبالله,4,22,14.0,11.0,2.0,6.0,,
329,19,لحراسة,وفيه,ودلينس,وملوخية,3,18,,,2.0,2.0,15.0,
596,10,لحوقا,غرت,شبها,زينب,2,10,9.0,,,1.0,,
151,40,لغات,احرف,القران,سبعة,4,20,35.0,2.0,,2.0,,1.0
553,11,لغة,ومنها,مضر,لغات,2,6,10.0,1.0,,,,
44,187,لقبه,نسبته,المترجم,الصفحة,1,99,,187.0,,,,
268,22,لكتاب,فقلت,الشاهدين,قلت,2,13,8.0,14.0,,,,
418,15,للقبالات,وعسلوج,الاموال,للنداء,3,12,,,2.0,9.0,4.0,
231,26,لنردنكم,فءتكم,اكفرت,فءاتها,2,24,23.0,3.0,,,,
570,11,لواء,رايات,الاوس,الخزرج,1,7,11.0,,,,,
431,15,ليعبي,لامراء,صفد,ناءب,2,12,,1.0,,,14.0,
184,32,مءنس,حباسة,المهدي,افريقية,4,24,,15.0,6.0,7.0,4.0,
331,19,متعبدا,علمنا,بالتواتر,شرعهم,2,16,18.0,1.0,,,,
420,15,مثقالا,ند,زعفران,مثلث,2,4,,8.0,,7.0,,
603,10,مجايي,لقلتهم,يدفنها,وهجروا,4,9,,1.0,1.0,,5.0,3.0
83,80,مجرب,عين,العقابا,الاتلدا,1,2,80.0,,,,,
6,1818,محمد,ابراهيم,احمد,بن,4,228,17.0,1793.0,,,3.0,5.0
100,62,محمد,يحيي,المروزي,سهل,1,9,62.0,,,,,
608,10,مخضب,اعهد,لحفصة,تحلل,1,8,10.0,,,,,
377,16,مدركة,فهر,الياس,كنانة,2,10,9.0,7.0,,,,
373,16,مرقق,قط,لقتادة,خبز,1,7,16.0,,,,,
607,10,مزارعه,الجالية,ويصدر,يستادي,2,8,,,,8.0,2.0,
586,11,مستحقها,بحقها,والنهي,المنكر,3,6,,5.0,,2.0,4.0,
388,16,مسست,شممت,الين,ديباجا,1,6,16.0,,,,,
560,11,مشقوقة,بالطول,فقالت,فارتعت,3,9,2.0,7.0,,2.0,,
253,23,مشويا,موكبي,اسمال,فالجاني,2,19,2.0,21.0,,,,
399,15,مطعم,جبير,اسيد,ويهودية,2,15,14.0,1.0,,,,
534,12,مقدمه,فقدما,الشواني,السبت,3,12,,5.0,,1.0,6.0,
483,13,مقلتها,اجلالها,حييت,اقضي,2,13,,11.0,,,2.0,
477,13,مقياسا,مقياس,الذرع,بحلوان,1,10,,,,13.0,,
452,14,ملجم,مراد,كلدة,تجوب,3,9,1.0,12.0,,1.0,,
446,14,ملو,شاه,دله,الب,3,11,,3.0,2.0,,9.0,
406,15,ممهدة,موطاة,الحلواني,ماتا,3,9,,10.0,2.0,3.0,,
289,21,مناشير,تربيعها,اكتمال,مرابط,1,15,,,,21.0,,
547,12,منامه,ورفق,الغول,الطنبدي,5,12,2.0,5.0,2.0,1.0,2.0,
239,25,منبره,الجنة,يحتمل,لملازمة,1,13,25.0,,,,,
27,279,مهملة,المهملة,بفتح,وسكون,5,161,7.0,232.0,,38.0,1.0,1.0
378,16,موسم,الجبن,يستعمله,يوضع,1,8,,,,16.0,,
342,18,موسي,سرجس,مءمل,عمير,1,4,18.0,,,,,
491,13,مولاكم,الفرح,اليسع,كتامة,3,7,,9.0,2.0,2.0,,
165,36,ميثاق,تعالي,النبيين,والرسول,2,28,35.0,,1.0,,,
510,13,ميلا,وعشرون,عشرون,اربعة,2,4,,,,11.0,,2.0
93,70,ناءب,حلب,المحمدي,الامير,3,61,,11.0,,1.0,58.0,
196,30,ناءب,حلب,الهاربون,صفد,2,27,,,1.0,,29.0,
176,34,ناءب,حلب,حماة,الامير,2,25,,1.0,,,33.0,
60,120,ناءب,صفد,والامير,غزة,3,81,,21.0,,1.0,98.0,
575,11,نبع,بعصاه,الحجر,الماء,1,6,11.0,,,,,
71,98,نزار,وافتكين,تونس,هفتكين,4,59,,40.0,20.0,26.0,12.0,
568,11,نزدد,اني,صديقا,رايتها,2,11,10.0,1.0,,,,
536,12,نساءه,زوجاته,وايلاءه,هجره,1,10,12.0,,,,,
275,22,نسبه,نسبهم,العلويين,صحة,4,13,,10.0,6.0,5.0,1.0,
17,419,نشر,بيروت,لابن,القاهرة,3,46,6.0,335.0,,,,78.0
230,26,نصف,بكمالها,ثلث,الصالحي,2,5,,2.0,,,24.0,
466,14,نصيفه,تسبوا,مد,انفق,1,5,14.0,,,,,
296,20,نعيمان,العراف,لتخبرني,المقداد,1,19,20.0,,,,,
202,29,نكاحهن,امهات,الامومة,كالامهات,1,15,29.0,,,,,
508,13,نهارهم,وقضوا,ومقدميها,ضيافتهم,4,11,,2.0,5.0,2.0,4.0,
97,66,نوبة,وايبك,ويشبك,الساقي,2,48,,9.0,,,57.0,
5,1837,نوح,اسراءيل,فرعون,السلام,6,392,112.0,143.0,11.0,1519.0,35.0,17.0
488,13,نيابته,يعاقب,زلة,يتوقع,2,12,,9.0,,4.0,,
228,26,هءلاء,الوانهم,جبريل,وبكم,2,10,22.0,4.0,,,,
76,85,هارون,المءمنين,امير,ولا,4,22,,70.0,2.0,11.0,2.0,
144,41,وابو,وعبد,والبراء,عازب,3,18,37.0,3.0,,1.0,,
565,11,واتيتم,واعطيتم,اقمتم,وسهم,1,8,11.0,,,,,
318,19,واحلت,قبلي,بالرعب,وطهورا,1,8,19.0,,,,,
358,17,واخبر,وانذر,يستشهد,وان,1,3,17.0,,,,,
443,14,واخره,وربيع,وشوال,وذو,2,4,4.0,,,10.0,,
143,42,وارث,والقوانين,غاءب,المواريث,6,23,1.0,11.0,11.0,9.0,9.0,1.0
216,28,واستقر,الصحبة,وخلع,البشيري,2,25,,,,1.0,27.0,
251,24,واستقر,عوضا,المفرد,استقر,2,23,,1.0,,,23.0,
328,19,واستقر,عوضا,المقسي,نظر,2,19,,,1.0,,18.0,
32,255,واستقر,عوضا,باقطاع,نيابة,2,160,,9.0,,,246.0,
325,19,واستقر,مضافا,عوضا,الاسعدي,1,17,,,,,19.0,
49,149,واشهد,اله,شريك,عبده,6,60,36.0,52.0,25.0,17.0,12.0,7.0
564,11,واصطبلا,درباس,انشاها,بجوار,1,9,,,,,11.0,
102,61,واعظمهم,ولا,واصدقهم,جليسه,4,19,52.0,6.0,2.0,1.0,,
269,22,واغزي,افريقية,القبط,بحنس,2,14,,16.0,,6.0,,
411,15,واكل,والتمر,ولحم,خبز,1,5,15.0,,,,,
286,21,والارامل,سلوكه,واستعاذ,ولا,4,11,,5.0,1.0,13.0,2.0,
468,14,والاقوات,صفوا,والازواد,العظيمة,4,7,,1.0,1.0,5.0,7.0,
351,18,والامير,جانم,طوغان,بعسكر,2,17,,,,1.0,17.0,
252,23,والامير,سودن,يشبك,بيغوت,1,21,,,,,23.0,
244,24,والخالص,الارتفاع,الكلف,درهم,2,4,,,,23.0,,1.0
233,26,والسبعون,والعشرون,مرتين,وقتين,1,17,26.0,,,,,
517,12,والغلمان,وكتبت,الشرابية,والجودرية,2,2,,,5.0,7.0,,
195,31,والكتم,بالحناء,يصبغ,الغانمية,1,17,31.0,,,,,
476,13,والمسند,بالمرتبة,الطراحة,والحاجب,2,5,,,4.0,9.0,,
368,17,والنيران,الاحطاب,فانتكي,الطرادين,4,14,,4.0,3.0,3.0,7.0,
173,35,وامير,والدوادار,وراس,اخور,2,19,,1.0,,,34.0,
309,19,وانهار,نهران,باطنان,ونهران,2,8,16.0,,,3.0,,
462,14,واوقدنا,فاخرجنا,ادهم,الحطب,2,8,3.0,11.0,,,,
597,10,واوله,فصل,المجلد,تحرس,1,10,10.0,,,,,
366,17,وبات,المماليك,القلعة,الجراكسة,2,17,,,,1.0,16.0,
125,47,وبنت,الصيانة,النساء,العجاءز,4,32,,,5.0,12.0,25.0,5.0
495,13,وتحكمه,ملاذه,دالته,وتعرضه,3,12,,1.0,,1.0,11.0,
152,39,وترعة,توت,وبعض,تفتح,2,7,,1.0,,38.0,,
502,13,وتسعين,برقوق,السجن,كبجكي,3,13,,8.0,,3.0,2.0,
374,16,وجابر,ومعاذ,وابو,وعبد,3,11,11.0,3.0,,2.0,,
254,23,وجرح,تكلان,العادلي,النصر,3,16,,2.0,,2.0,19.0,
369,17,وجعلت,امتك,وجعلتك,الانبياء,1,6,17.0,,,,,
146,41,وحدثني,سبرة,عن,كالبجد,3,36,35.0,4.0,,2.0,,
438,14,وخراب,اليهود,التبت,يخفرهم,2,5,6.0,,,8.0,,
302,20,ودي,خرص,وعاد,شوال,3,17,,15.0,,3.0,2.0,
306,20,وذكره,باب,الاعتكاف,ترجم,1,18,20.0,,,,,
137,43,وذكره,كتاب,وخرجه,باب,2,38,42.0,,,1.0,,
507,13,وذمة,حاصرت,فارادوك,ذمة,2,4,12.0,,,1.0,,
499,13,ورايت,امتي,فجاءه,رجلا,1,2,13.0,,,,,
515,12,ورباعيات,ودراهم,فجروا,جفان,3,7,,1.0,,10.0,1.0,
359,17,ورتب,لاقراء,ودرسا,راتبا,3,10,,2.0,,14.0,1.0,
509,13,ورضوا,سلموا,علينا,السويق,1,13,13.0,,,,,
198,30,وسبعماءة,التدين,مراع,مظاهرا,4,28,,16.0,3.0,7.0,4.0,
543,12,وستماءة,احدي,اثنتين,بدمشق,1,12,,12.0,,,,
247,24,وسجن,فقلعت,بقلع,مسالمة,3,23,,1.0,,1.0,22.0,
310,19,وسقا,وسق,بجاد,ولام,1,4,19.0,,,,,
0,10687,وسمع,وابي,وكتاب,وتوفي,6,1820,109.0,8501.0,35.0,220.0,1800.0,22.0
458,14,وسمي,وعتلة,وحباب,المنبعث,2,8,13.0,1.0,,,,
53,136,وسيدنا,صلوات,المءمنين,مولانا,4,57,,53.0,59.0,19.0,5.0,
116,52,وشق,ركب,القنطرة,زويلة,4,39,,1.0,2.0,1.0,48.0,
327,19,وشهد,وتوفيت,وهاجر,ربيبة,2,17,16.0,3.0,,,,
425,15,وصلاة,المربعون,المخمسون,صاءمون,3,4,,4.0,3.0,8.0,,
323,19,وصية,ابقيت,رضي,احفظ,2,16,16.0,,,3.0,,
414,15,وظيفة,بتوصية,التعليمية,المقريزي,3,5,6.0,2.0,,,,7.0
621,10,وعزل,دولات,ولاية,وكاشف,2,10,,1.0,,,9.0,
433,15,وعزل,وفيه,ثقبة,زوادته,1,15,,,,,15.0,
370,17,وعقد,وامره,هرثمة,ومعونة,3,12,7.0,9.0,,1.0,,
224,26,وعمره,تخت,الملك,قلاون,3,21,,1.0,,13.0,12.0,
363,17,وعنفوه,وارادوه,فقبض,القلعة,4,16,,2.0,1.0,1.0,13.0,
255,23,وغطفان,بالابرق,واقامت,بسميراء,4,15,5.0,5.0,2.0,11.0,,
472,14,وغوث,المباركة,افضل,بالرحمة,2,6,1.0,,,13.0,,
124,47,وفيه,الكتان,هبوب,وتسقي,1,10,,,,47.0,,
611,10,وقاضي,سالم,القضاة,الحنابلة,2,9,,,,1.0,9.0,
101,61,وقاضي,وناظر,الدين,القضاة,3,29,,2.0,,1.0,58.0,
274,22,وقباءلهم,بصحبته,وبيننا,التعليم,3,6,,6.0,6.0,10.0,,
540,12,وقلتكم,وعنكم,لضعفكم,تغشاكم,2,5,,5.0,,7.0,,
260,23,وقلعة,وتل,وحصن,وانطاكية,3,9,,,6.0,10.0,7.0,
348,18,وقوله,الذنب,عفوك,تجنوا,3,14,,16.0,,1.0,1.0,
62,113,وقيل,الهجرة,عشرة,اشهر,4,63,98.0,6.0,2.0,7.0,,
467,14,وكل,املكه,الحرج,اتزوجها,2,5,,10.0,,4.0,,
133,44,وكورة,ومدينة,كورة,قرية,1,6,,,,44.0,,
461,14,ولدك,بمهرك,يفعل,بالنساء,3,8,,5.0,6.0,3.0,,
335,18,ولذي,وللرسول,واليتامي,القربي,2,6,16.0,,,2.0,,
600,10,ولزمته,بدويا,وراق,فجاءنا,2,8,,9.0,,,1.0,
463,14,وماءتين,انقضت,وسبعين,رحمة,1,6,,,,14.0,,
545,12,ومسح,يشب,فبرات,فاناف,1,3,12.0,,,,,
620,10,ومقدمهم,حمص,الاشرف,الخوارزمية,2,10,,,,1.0,9.0,
419,15,ومنها,امة,وكلامهم,ورءوسهم,1,3,,,,15.0,,
362,17,ومولده,وسبعماءة,الخلاطي,قضاء,3,16,,8.0,,2.0,7.0,
118,50,وناءب,وناءبه,الامير,حماة,2,19,,,,2.0,48.0,
579,11,ونازل,الفرنج,واسر,قلعتها,3,10,,1.0,,4.0,6.0,
353,17,ونبيك,عبدك,دعاك,لاهل,1,8,17.0,,,,,
580,11,ونجاد,وثعلبة,وخزام,الازعر,2,10,8.0,3.0,,,,
578,11,وهيب,المدبر,بارزطغاي,ينظر,3,10,,8.0,2.0,,1.0,
435,14,ووليه,البسملة,المءمنين,واخر,4,11,,1.0,8.0,1.0,4.0,
563,11,ويتطارح,باحث,ويتواضع,ويتعاظم,4,8,2.0,3.0,,3.0,3.0,
492,13,ويحلفون,نميت,وينكرونها,صاغرين,2,11,12.0,,1.0,,,
315,19,ويزرع,ويدرك,الفدان,برموده,1,4,,,,19.0,,
119,49,ويظفره,حدودي,ويسلمه,اولياءي,5,28,2.0,27.0,7.0,10.0,3.0,
219,27,ويقرا,ركوعا,ويصوم,يركع,4,15,1.0,17.0,,6.0,3.0,
14,579,يا,هل,امتي,لا,3,80,577.0,1.0,,1.0,,
501,13,يبغته,رتبة,يحنط,مغشوش,4,9,1.0,3.0,,6.0,3.0,
535,12,يجوزها,معاوضة,احتمالهم,جالية,4,9,,2.0,1.0,4.0,5.0,
451,14,يحجون,يقولون,عامين,حجوا,2,4,13.0,,,1.0,,
226,26,يحيي,زكريا,زيان,يزيد,1,2,26.0,,,,,
290,21,يخربهما,واخبر,ييبس,جاثمة,3,18,13.0,5.0,,3.0,,
567,11,يخطفان,جبريل,مخلوقا,فابدي,2,9,9.0,2.0,,,,
188,32,يرث,زني,يعتقن,للزوج,4,14,3.0,6.0,1.0,22.0,,
561,11,يرميه,الطاهر,النعل,الهلال,3,11,,8.0,2.0,1.0,,
480,13,يزاد,عهدهم,عدوهم,نساءهم,3,7,2.0,,1.0,10.0,,
428,15,يزيد,الحكم,نمران,حكيمة,1,3,15.0,,,,,
73,94,يزيد,القيروان,المنصور,القاءم,5,39,3.0,33.0,55.0,1.0,2.0,
486,13,يستكثر,ورثته,بالحرير,الزيار,3,10,,4.0,,6.0,3.0,
105,59,يشتمل,اخبار,انحاء,التعاليم,5,23,4.0,2.0,7.0,39.0,7.0,
263,22,يصبر,صالح,يحفظ,عجينة,3,17,2.0,19.0,,1.0,,
220,27,يعقوب,داود,خالد,ايوب,2,12,20.0,7.0,,,,
162,37,يقاتلان,المقدام,اخبرنا,ربعهما,2,32,36.0,1.0,,,,
532,12,يمان,افءدة,يمانية,والحكمة,1,1,12.0,,,,,
319,19,يمرق,يمرقون,الرمية,يجاوز,2,10,17.0,2.0,,,,
582,11,يموتن,الظن,يحسن,احدكم,1,8,11.0,,,,,
352,17,يونس,الايلي,حراب,مزيد,1,1,17.0,,,,,
